-- phpMyAdmin SQL Dump
-- version 5.0.4
-- https://www.phpmyadmin.net/
--
-- Host: 127.0.0.1
-- Generation Time: Jan 13, 2021 at 06:08 AM
-- Server version: 10.4.17-MariaDB
-- PHP Version: 7.2.34

SET SQL_MODE = "NO_AUTO_VALUE_ON_ZERO";
START TRANSACTION;
SET time_zone = "+00:00";


/*!40101 SET @OLD_CHARACTER_SET_CLIENT=@@CHARACTER_SET_CLIENT */;
/*!40101 SET @OLD_CHARACTER_SET_RESULTS=@@CHARACTER_SET_RESULTS */;
/*!40101 SET @OLD_COLLATION_CONNECTION=@@COLLATION_CONNECTION */;
/*!40101 SET NAMES utf8mb4 */;

--
-- Database: `railway`
--

-- --------------------------------------------------------

--
-- Table structure for table `auth`
--

CREATE TABLE `auth` (
  `username` varchar(60) NOT NULL,
  `password` varchar(200) NOT NULL,
  `authID` int(11) NOT NULL,
  `role` varchar(2) NOT NULL
) ENGINE=InnoDB DEFAULT CHARSET=utf8mb4;

--
-- Dumping data for table `auth`
--

INSERT INTO `auth` (`username`, `password`, `authID`, `role`) VALUES
('sharjeelabbas', 'hello123', 1, 'P'),
('sharjeelabba', 'hello123', 2, 'p'),
('sharjeelabb', '123456', 3, 'p'),
('johny', 'emp123', 4, 'E'),
('aohny', 'emp123', 5, 'E'),
('rohny', 'emp123', 6, 'E'),
('fohndy', 'emp123', 9, 'E'),
('fohnddy', 'emp123', 10, 'E'),
('sadlj', 'emp123', 11, 'E'),
('bitf18m014', 'emp123', 15, 'E'),
('asdklj', 'emp123', 26, 'E'),
('dasdsa', 'emp123', 27, 'E'),
('sharjeelabbas014@gmail.com', '104383486051406261858', 29, 'P'),
('logodesigner243@gmail.com', '107625896761070348965', 30, 'P'),
('sharjeelabbasa', '123123', 31, 'P'),
('BITF18M', 'web12345', 32, 'A'),
('BITF18M', 'web12345', 33, 'A');

-- --------------------------------------------------------

--
-- Table structure for table `employee`
--

CREATE TABLE `employee` (
  `empid` int(11) NOT NULL,
  `Fname` varchar(30) NOT NULL,
  `Lname` varchar(30) NOT NULL,
  `cnic` varchar(18) NOT NULL,
  `designation` varchar(20) NOT NULL,
  `phone` varchar(12) NOT NULL,
  `authID` int(11) NOT NULL
) ENGINE=InnoDB DEFAULT CHARSET=utf8mb4;

--
-- Dumping data for table `employee`
--

INSERT INTO `employee` (`empid`, `Fname`, `Lname`, `cnic`, `designation`, `phone`, `authID`) VALUES
(9, 'Sharjeel', 'Abbas', '37101-3992999-2', 'Ticket Collecto', '0332-2344981', 15),
(20, 'Zain', 'Ali', '37101-2324413-2', 'Ticket Collecto', '0332-2322985', 26),
(21, 'lajldk', 'lkjslkdfj', '12312-3123213-2', 'Ticket Collecto', '0313-6066753', 27);

-- --------------------------------------------------------

--
-- Table structure for table `empsched`
--

CREATE TABLE `empsched` (
  `EmpSchedId` int(11) NOT NULL,
  `EmpId` int(11) NOT NULL,
  `ScheduleID` int(11) NOT NULL
) ENGINE=InnoDB DEFAULT CHARSET=utf8mb4;

--
-- Dumping data for table `empsched`
--

INSERT INTO `empsched` (`EmpSchedId`, `EmpId`, `ScheduleID`) VALUES
(23, 9, 2299),
(24, 9, 2271),
(25, 9, 2279),
(26, 9, 2288),
(27, 9, 2268),
(28, 9, 2262),
(29, 20, 2262),
(30, 9, 2269);

-- --------------------------------------------------------

--
-- Table structure for table `passengers`
--

CREATE TABLE `passengers` (
  `fname` varchar(30) NOT NULL,
  `lname` varchar(30) NOT NULL,
  `PID` int(11) NOT NULL,
  `cnic` varchar(18) NOT NULL,
  `authID` int(11) NOT NULL,
  `phone` varchar(12) NOT NULL
) ENGINE=InnoDB DEFAULT CHARSET=utf8mb4;

--
-- Dumping data for table `passengers`
--

INSERT INTO `passengers` (`fname`, `lname`, `PID`, `cnic`, `authID`, `phone`) VALUES
('Sharjeel', 'Abbas', 1, '37101-32443234-2', 1, '03136066753'),
('Sharjeel', 'Abbas', 3, '37101-2324433-2', 2, '0313-6066753'),
('Sharjeel', 'Abbas', 4, '37101-2324433-2', 3, '0313-6066753'),
('sharjeel', 'abbas', 5, '37101-2324433-2', 28, '0313-6066753'),
('sharjeel', 'abbas', 6, '37101-2324433-2', 29, '0313-6066753'),
('logo', 'designer', 7, '37101-2324433-2', 30, '0313-6066753'),
('Sharjeel', 'Abbas', 8, '37101-2324433-2', 31, '0313-6066753');

-- --------------------------------------------------------

--
-- Table structure for table `schedule`
--

CREATE TABLE `schedule` (
  `ScheduleID` int(11) NOT NULL,
  `TrainID` int(11) NOT NULL,
  `DeptTime` varchar(30) NOT NULL,
  `FromStation` varchar(30) NOT NULL,
  `ToStation` varchar(30) NOT NULL,
  `Fare` int(11) NOT NULL,
  `EconomySeatsRemaining` int(11) NOT NULL DEFAULT 300,
  `BussinesSeatsRemaining` int(11) NOT NULL DEFAULT 100
) ENGINE=InnoDB DEFAULT CHARSET=utf8mb4;

--
-- Dumping data for table `schedule`
--

INSERT INTO `schedule` (`ScheduleID`, `TrainID`, `DeptTime`, `FromStation`, `ToStation`, `Fare`, `EconomySeatsRemaining`, `BussinesSeatsRemaining`) VALUES
(2261, 12, '02:40 12/02/2021', 'ABDUL HAKIM', 'AKORA KHATTAK', 800, 300, 100),
(2262, 11, '01:30 24/02/2021', 'ABDUL HAKIM', 'ALAMREG', 800, 300, 100),
(2263, 19, '10:30 16/01/2021', 'ABDUL HAKIM', 'ALIPUR CHATTHA', 200, 293, 98),
(2264, 15, '07:00 22/02/2021', 'ABDULLAHABAD (HALT)', 'ALAMREG', 900, 300, 100),
(2265, 7, '09:00 24/02/2021', 'ABDULLAHABAD (HALT)', 'ALIPUR CHATTHA', 300, 300, 98),
(2266, 16, '11:10 28/01/2021', 'ABDULLAHABAD (HALT)', 'ALLUWALI', 100, 300, 100),
(2267, 16, '05:00 10/01/2021', 'AB-I-GUM', 'ALIPUR CHATTHA', 600, 300, 100),
(2268, 14, '10:40 10/02/2021', 'AB-I-GUM', 'ALLUWALI', 100, 300, 100),
(2269, 17, '10:10 23/01/2021', 'AB-I-GUM', 'ARIF WALA', 600, 292, 90),
(2270, 12, '08:10 24/02/2021', 'AHMEDWAL', 'ALLUWALI', 150, 300, 100),
(2271, 6, '08:10 21/01/2021', 'AHMEDWAL', 'ARIF WALA', 300, 300, 98),
(2272, 7, '10:10 24/02/2021', 'AHMEDWAL', 'ASHANPUR AHP', 800, 300, 100),
(2273, 19, '00:30 27/01/2021', 'AIR PORT HALT', 'ARIF WALA', 500, 300, 100),
(2274, 25, '02:50 19/01/2021', 'AIR PORT HALT', 'ASHANPUR AHP', 800, 300, 100),
(2275, 6, '11:20 26/02/2021', 'AIR PORT HALT', 'ATTOCK CITY JN.', 950, 300, 100),
(2276, 12, '08:50 16/02/2021', 'AJNALA', 'ASHANPUR AHP', 700, 300, 100),
(2277, 25, '04:40 25/02/2021', 'AJNALA', 'ATTOCK CITY JN.', 650, 300, 97),
(2278, 14, '09:00 25/01/2021', 'AJNALA', 'AZAD', 300, 300, 100),
(2279, 8, '11:30 23/01/2021', 'AKHTAR KARNANA', 'ATTOCK CITY JN.', 600, 300, 100),
(2280, 10, '05:40 09/02/2021', 'AKHTAR KARNANA', 'AZAD', 900, 300, 100),
(2281, 14, '01:30 31/01/2021', 'AKHTAR KARNANA', 'BABARI BANDA', 450, 300, 100),
(2282, 12, '02:40 22/02/2021', 'AKORA KHATTAK', 'AZAD', 850, 300, 100),
(2283, 20, '07:50 10/02/2021', 'AKORA KHATTAK', 'BABARI BANDA', 800, 300, 100),
(2284, 17, '00:20 11/02/2021', 'AKORA KHATTAK', 'BADAH', 950, 300, 100),
(2285, 21, '10:10 15/01/2021', 'ALAMREG', 'BABARI BANDA', 200, 300, 100),
(2286, 13, '00:10 27/01/2021', 'ALAMREG', 'BADAH', 1000, 300, 100),
(2287, 24, '06:40 21/02/2021', 'ALAMREG', 'BADAL NALA', 50, 300, 100),
(2288, 11, '07:20 31/01/2021', 'ALIPUR CHATTHA', 'BADAH', 950, 300, 100),
(2289, 6, '06:50 26/01/2021', 'ALIPUR CHATTHA', 'BADAL NALA', 500, 300, 100),
(2290, 15, '08:40 16/02/2021', 'ALIPUR CHATTHA', 'BADAMI BAGH', 50, 300, 100),
(2291, 9, '00:30 21/01/2021', 'ALLUWALI', 'BADAL NALA', 850, 300, 100),
(2292, 10, '08:30 25/02/2021', 'ALLUWALI', 'BADAMI BAGH', 250, 300, 100),
(2293, 9, '06:20 10/02/2021', 'ALLUWALI', 'BADDOMALHI', 50, 300, 100),
(2294, 24, '07:40 10/01/2021', 'ARIF WALA', 'BADAMI BAGH', 1000, 300, 100),
(2295, 9, '10:10 27/01/2021', 'ARIF WALA', 'BADDOMALHI', 100, 300, 100),
(2296, 23, '01:40 18/01/2021', 'ARIF WALA', 'BADIN', 250, 300, 100),
(2297, 4, '10:00 12/01/2021', 'ASHANPUR AHP', 'BADDOMALHI', 300, 300, 100),
(2298, 14, '07:00 18/01/2021', 'ASHANPUR AHP', 'BADIN', 950, 300, 100),
(2299, 4, '04:00 29/01/2021', 'ASHANPUR AHP', 'BAHALIKE', 700, 300, 100),
(2300, 13, '05:20 12/01/2021', 'ATTOCK CITY JN.', 'BADIN', 400, 300, 100),
(2301, 12, '02:20 26/01/2021', 'ATTOCK CITY JN.', 'BAHALIKE', 650, 300, 100),
(2302, 7, '10:20 10/02/2021', 'ATTOCK CITY JN.', 'BAHAWALPUR', 1000, 300, 100),
(2303, 8, '07:50 20/02/2021', 'AZAD', 'BAHALIKE', 350, 300, 100),
(2304, 4, '07:00 10/02/2021', 'AZAD', 'BAHAWALPUR', 800, 300, 100),
(2305, 10, '06:20 23/01/2021', 'AZAD', 'BAKHTIARABAD DOMKI', 600, 300, 100),
(2306, 6, '04:00 18/01/2021', 'BABARI BANDA', 'BAHAWALPUR', 600, 300, 100),
(2307, 23, '09:30 10/01/2021', 'BABARI BANDA', 'BAKHTIARABAD DOMKI', 100, 300, 100),
(2308, 26, '00:30 14/01/2021', 'BABARI BANDA', 'BALDHER', 450, 300, 100),
(2309, 18, '11:10 24/02/2021', 'BADAH', 'BAKHTIARABAD DOMKI', 950, 300, 100),
(2310, 15, '08:10 10/02/2021', 'BADAH', 'BALDHER', 750, 300, 100),
(2311, 23, '03:40 30/01/2021', 'BADAH', 'BALDIA', 50, 300, 100),
(2312, 18, '06:50 28/02/2021', 'BADAL NALA', 'BALDHER', 450, 300, 100),
(2313, 18, '10:50 23/01/2021', 'BADAL NALA', 'BALDIA', 300, 300, 100),
(2314, 11, '11:20 14/01/2021', 'BADAL NALA', 'BALOCHABAD', 450, 300, 100),
(2315, 17, '00:20 12/01/2021', 'BADAMI BAGH', 'BALDIA', 450, 300, 100),
(2316, 24, '04:20 15/02/2021', 'BADAMI BAGH', 'BALOCHABAD', 950, 300, 100),
(2317, 25, '09:20 14/01/2021', 'BADAMI BAGH', 'BANDHI', 550, 300, 100),
(2318, 21, '08:00 28/01/2021', 'BADDOMALHI', 'BALOCHABAD', 500, 300, 100),
(2319, 6, '09:30 15/01/2021', 'BADDOMALHI', 'BANDHI', 450, 300, 100),
(2320, 16, '06:10 21/01/2021', 'BADDOMALHI', 'BANH MIANWALA (HALT)', 250, 300, 100),
(2321, 11, '03:40 09/02/2021', 'BADIN', 'BANDHI', 650, 300, 100),
(2322, 21, '09:10 25/01/2021', 'BADIN', 'BANH MIANWALA (HALT)', 250, 300, 100),
(2323, 23, '10:30 19/02/2021', 'BADIN', 'BASAL JN.', 750, 300, 100),
(2324, 24, '00:20 11/02/2021', 'BAHALIKE', 'BANH MIANWALA (HALT)', 650, 300, 100),
(2325, 20, '04:00 15/01/2021', 'BAHALIKE', 'BASAL JN.', 550, 300, 100),
(2326, 25, '05:40 14/02/2021', 'BAHALIKE', 'BASAL SHARIF', 500, 300, 100),
(2327, 14, '06:10 18/01/2021', 'BAHAWALPUR', 'BASAL JN.', 950, 300, 100),
(2328, 7, '06:40 21/02/2021', 'BAHAWALPUR', 'BASAL SHARIF', 300, 300, 100),
(2329, 10, '08:10 12/01/2021', 'BAHAWALPUR', 'BASIPPUR', 900, 300, 100),
(2330, 8, '01:10 15/01/2021', 'BAKHTIARABAD DOMKI', 'BASAL SHARIF', 700, 300, 100),
(2331, 17, '08:10 18/02/2021', 'BAKHTIARABAD DOMKI', 'BASIPPUR', 300, 300, 100),
(2332, 22, '09:40 18/02/2021', 'BAKHTIARABAD DOMKI', 'BEHAL', 100, 300, 100),
(2333, 21, '05:20 13/02/2021', 'BALDHER', 'BASIPPUR', 800, 300, 100),
(2334, 25, '03:40 25/01/2021', 'BALDHER', 'BEHAL', 250, 300, 100),
(2335, 6, '09:40 13/02/2021', 'BALDHER', 'BELELI', 200, 300, 100),
(2336, 18, '00:30 12/02/2021', 'BALDIA', 'BEHAL', 750, 300, 100),
(2337, 26, '02:10 20/01/2021', 'BALDIA', 'BELELI', 1000, 300, 100),
(2338, 11, '09:40 22/01/2021', 'BALDIA', 'BHAKKAR', 50, 300, 100),
(2339, 13, '09:40 17/01/2021', 'BALOCHABAD', 'BELELI', 1000, 300, 100),
(2340, 26, '04:20 19/01/2021', 'BALOCHABAD', 'BHAKKAR', 250, 300, 100),
(2341, 12, '07:20 13/01/2021', 'BALOCHABAD', 'BHALWAL', 600, 300, 100),
(2342, 5, '04:00 29/01/2021', 'BANDHI', 'BHAKKAR', 250, 300, 100),
(2343, 16, '01:30 13/01/2021', 'BANDHI', 'BHALWAL', 350, 300, 100),
(2344, 18, '03:10 28/02/2021', 'BANDHI', 'BHIRIA ROAD', 350, 300, 100),
(2345, 19, '02:00 24/01/2021', 'BANH MIANWALA (HALT)', 'BHALWAL', 400, 300, 100),
(2346, 19, '10:10 15/01/2021', 'BANH MIANWALA (HALT)', 'BHIRIA ROAD', 700, 300, 100),
(2347, 6, '06:30 27/02/2021', 'BANH MIANWALA (HALT)', 'BIN QASIM', 100, 300, 100),
(2348, 4, '08:20 25/02/2021', 'BASAL JN.', 'BHIRIA ROAD', 950, 300, 100),
(2349, 14, '01:10 10/02/2021', 'BASAL JN.', 'BIN QASIM', 350, 300, 100),
(2350, 23, '00:00 10/02/2021', 'BASAL JN.', 'BOSTAN JN.', 350, 300, 96),
(2351, 4, '11:40 20/02/2021', 'BASAL SHARIF', 'BIN QASIM', 300, 300, 100),
(2352, 23, '06:20 22/01/2021', 'BASAL SHARIF', 'BOSTAN JN.', 1000, 300, 100),
(2353, 4, '01:20 11/02/2021', 'BASAL SHARIF', 'BOUNDRY PILLAR', 350, 300, 100),
(2354, 19, '01:20 16/02/2021', 'BASIPPUR', 'BOSTAN JN.', 1000, 300, 100),
(2355, 20, '10:20 18/01/2021', 'BASIPPUR', 'BOUNDRY PILLAR', 950, 300, 100),
(2356, 26, '08:10 19/01/2021', 'BASIPPUR', 'BRAUDABAD', 800, 300, 100),
(2357, 15, '03:20 12/02/2021', 'BEHAL', 'BOUNDRY PILLAR', 200, 300, 100),
(2358, 11, '01:30 12/02/2021', 'BEHAL', 'BRAUDABAD', 550, 300, 100),
(2359, 15, '03:30 19/01/2021', 'BEHAL', 'BUCHIANA', 400, 300, 100),
(2360, 21, '05:10 20/02/2021', 'BELELI', 'BRAUDABAD', 950, 300, 100),
(2361, 20, '03:20 13/01/2021', 'BELELI', 'BUCHIANA', 900, 300, 100),
(2362, 17, '03:10 10/01/2021', 'BELELI', 'BUDH', 850, 300, 100),
(2363, 10, '06:00 18/01/2021', 'BHAKKAR', 'BUCHIANA', 500, 300, 100),
(2364, 12, '11:00 10/01/2021', 'BHAKKAR', 'BUDH', 600, 300, 100),
(2365, 22, '04:20 25/02/2021', 'BHAKKAR', 'BURJ', 1000, 300, 100),
(2366, 5, '02:00 26/02/2021', 'BHALWAL', 'BUDH', 800, 300, 100),
(2367, 19, '01:40 31/01/2021', 'BHALWAL', 'BURJ', 1000, 300, 100),
(2368, 22, '02:10 14/02/2021', 'BHALWAL', 'CHAK JHUMRA JN.', 1000, 300, 100),
(2369, 13, '04:00 26/02/2021', 'BHIRIA ROAD', 'BURJ', 200, 300, 100),
(2370, 9, '02:10 14/01/2021', 'BHIRIA ROAD', 'CHAK JHUMRA JN.', 750, 300, 100),
(2371, 18, '05:40 31/01/2021', 'BHIRIA ROAD', 'CHAK LALA', 650, 300, 100),
(2372, 16, '02:20 23/01/2021', 'BIN QASIM', 'CHAK JHUMRA JN.', 700, 300, 100),
(2373, 21, '00:50 31/01/2021', 'BIN QASIM', 'CHAK LALA', 250, 300, 100),
(2374, 13, '04:00 09/02/2021', 'BIN QASIM', 'CHAK SAIDA', 950, 300, 100),
(2375, 17, '06:40 18/02/2021', 'BOSTAN JN.', 'CHAK LALA', 350, 300, 100),
(2376, 23, '08:30 10/02/2021', 'BOSTAN JN.', 'CHAK SAIDA', 800, 300, 100),
(2377, 24, '05:10 18/02/2021', 'BOSTAN JN.', 'CHAK SHER MUHAMMAD', 500, 300, 100),
(2378, 23, '00:50 23/01/2021', 'BOUNDRY PILLAR', 'CHAK SAIDA', 100, 300, 100),
(2379, 24, '00:50 21/01/2021', 'BOUNDRY PILLAR', 'CHAK SHER MUHAMMAD', 450, 300, 100),
(2380, 9, '09:10 14/02/2021', 'BOUNDRY PILLAR', 'CHAK TURAN', 900, 300, 100),
(2381, 22, '04:30 28/02/2021', 'BRAUDABAD', 'CHAK SHER MUHAMMAD', 400, 300, 100),
(2382, 4, '02:40 12/01/2021', 'BRAUDABAD', 'CHAK TURAN', 800, 300, 100),
(2383, 13, '07:00 15/02/2021', 'BRAUDABAD', 'CHAMAN', 500, 300, 100),
(2384, 10, '08:50 24/01/2021', 'BUCHIANA', 'CHAK TURAN', 200, 300, 100),
(2385, 20, '03:20 25/02/2021', 'BUCHIANA', 'CHAMAN', 300, 300, 100),
(2386, 17, '03:50 23/02/2021', 'BUCHIANA', 'CHANAB NAGAR', 150, 300, 100),
(2387, 23, '08:40 10/02/2021', 'BUDH', 'CHAMAN', 200, 300, 100),
(2388, 17, '10:10 11/01/2021', 'BUDH', 'CHANAB NAGAR', 300, 300, 100),
(2389, 24, '08:50 21/01/2021', 'BUDH', 'CHANGA MANGA', 900, 300, 100),
(2390, 13, '08:10 19/02/2021', 'BURJ', 'CHANAB NAGAR', 500, 300, 100),
(2391, 20, '11:20 27/02/2021', 'BURJ', 'CHANGA MANGA', 900, 300, 100),
(2392, 17, '02:50 24/01/2021', 'BURJ', 'CHARNALI', 500, 300, 100),
(2393, 18, '01:40 26/02/2021', 'CHAK JHUMRA JN.', 'CHANGA MANGA', 1000, 300, 100),
(2394, 7, '02:10 18/02/2021', 'CHAK JHUMRA JN.', 'CHARNALI', 750, 300, 100),
(2395, 26, '03:40 11/02/2021', 'CHAK JHUMRA JN.', 'CHAWINDA', 850, 300, 100),
(2396, 10, '10:30 10/02/2021', 'CHAK LALA', 'CHARNALI', 450, 300, 100),
(2397, 15, '06:40 15/01/2021', 'CHAK LALA', 'CHAWINDA', 650, 300, 100),
(2398, 19, '08:00 18/01/2021', 'CHAK LALA', 'CHHAB', 650, 300, 100),
(2399, 18, '04:50 12/01/2021', 'CHAK SAIDA', 'CHAWINDA', 450, 300, 100),
(2400, 7, '09:50 31/01/2021', 'CHAK SAIDA', 'CHHAB', 900, 300, 100),
(2401, 23, '07:10 22/02/2021', 'CHAK SAIDA', 'CHHOR', 400, 300, 100),
(2402, 13, '06:10 20/02/2021', 'CHAK SHER MUHAMMAD', 'CHHAB', 650, 300, 100),
(2403, 20, '02:40 25/01/2021', 'CHAK SHER MUHAMMAD', 'CHHOR', 100, 300, 100),
(2404, 19, '01:30 11/02/2021', 'CHAK SHER MUHAMMAD', 'CHICHAWATNI', 750, 300, 100),
(2405, 14, '01:50 19/02/2021', 'CHAK TURAN', 'CHHOR', 350, 300, 100),
(2406, 26, '03:30 27/01/2021', 'CHAK TURAN', 'CHICHAWATNI', 750, 300, 100),
(2407, 25, '03:40 24/01/2021', 'CHAK TURAN', 'CHICHOKI MALLIAN', 800, 300, 100),
(2408, 20, '00:50 29/01/2021', 'CHAMAN', 'CHICHAWATNI', 450, 300, 100),
(2409, 15, '04:10 15/02/2021', 'CHAMAN', 'CHICHOKI MALLIAN', 150, 300, 100),
(2410, 7, '02:40 16/02/2021', 'CHAMAN', 'CHILIANWALA', 600, 300, 100),
(2411, 5, '04:40 18/02/2021', 'CHANAB NAGAR', 'CHICHOKI MALLIAN', 50, 300, 100),
(2412, 11, '02:40 21/02/2021', 'CHANAB NAGAR', 'CHILIANWALA', 150, 300, 100),
(2413, 7, '06:00 16/02/2021', 'CHANAB NAGAR', 'CHINIOT', 700, 300, 100),
(2414, 7, '03:20 13/01/2021', 'CHANGA MANGA', 'CHILIANWALA', 50, 300, 100),
(2415, 26, '01:40 10/02/2021', 'CHANGA MANGA', 'CHINIOT', 1000, 300, 100),
(2416, 17, '10:50 30/01/2021', 'CHANGA MANGA', 'CHUND', 850, 300, 100),
(2417, 9, '01:40 21/02/2021', 'CHARNALI', 'CHINIOT', 500, 300, 100),
(2418, 26, '06:40 09/02/2021', 'CHARNALI', 'CHUND', 400, 300, 100),
(2419, 22, '08:20 10/01/2021', 'CHARNALI', 'CHUR SHARIF (HALT)', 450, 300, 100),
(2420, 26, '07:50 24/02/2021', 'CHAWINDA', 'CHUND', 850, 300, 100),
(2421, 5, '04:40 22/02/2021', 'CHAWINDA', 'CHUR SHARIF (HALT)', 250, 300, 100),
(2422, 15, '11:50 28/02/2021', 'CHAWINDA', 'DABHEJI', 850, 300, 100),
(2423, 9, '01:50 22/02/2021', 'CHHAB', 'CHUR SHARIF (HALT)', 750, 300, 100),
(2424, 15, '03:40 10/02/2021', 'CHHAB', 'DABHEJI', 750, 300, 100),
(2425, 7, '10:40 26/01/2021', 'CHHAB', 'DADU', 450, 300, 100),
(2426, 15, '07:40 26/02/2021', 'CHHOR', 'DABHEJI', 1000, 300, 100),
(2427, 12, '11:50 19/01/2021', 'CHHOR', 'DADU', 950, 300, 100),
(2428, 8, '07:40 31/01/2021', 'CHHOR', 'DAHARKI', 300, 300, 100),
(2429, 16, '05:40 10/02/2021', 'CHICHAWATNI', 'DADU', 800, 300, 100),
(2430, 11, '09:30 22/02/2021', 'CHICHAWATNI', 'DAHARKI', 850, 300, 100),
(2431, 19, '09:40 12/02/2021', 'CHICHAWATNI', 'DALBANDIN', 550, 300, 100),
(2432, 13, '11:10 10/02/2021', 'CHICHOKI MALLIAN', 'DAHARKI', 900, 300, 100),
(2433, 24, '10:00 23/01/2021', 'CHICHOKI MALLIAN', 'DALBANDIN', 900, 300, 100),
(2434, 19, '10:30 18/01/2021', 'CHICHOKI MALLIAN', 'DAR UL IHSAN', 400, 300, 100),
(2435, 16, '01:40 10/02/2021', 'CHILIANWALA', 'DALBANDIN', 800, 300, 100),
(2436, 6, '04:50 23/02/2021', 'CHILIANWALA', 'DAR UL IHSAN', 850, 300, 100),
(2437, 5, '02:30 18/02/2021', 'CHILIANWALA', 'DARKHANA', 250, 300, 100),
(2438, 14, '02:30 26/01/2021', 'CHINIOT', 'DAR UL IHSAN', 400, 300, 100),
(2439, 20, '04:40 13/02/2021', 'CHINIOT', 'DARKHANA', 600, 300, 100),
(2440, 13, '01:20 12/02/2021', 'CHINIOT', 'DARYA KHAN', 300, 300, 100),
(2441, 21, '00:10 26/01/2021', 'CHUND', 'DARKHANA', 300, 300, 100),
(2442, 25, '11:00 22/02/2021', 'CHUND', 'DARYA KHAN', 900, 300, 100),
(2443, 19, '09:20 16/01/2021', 'CHUND', 'DAUD KHEL JN', 800, 300, 100),
(2444, 21, '03:20 18/01/2021', 'CHUR SHARIF (HALT)', 'DARYA KHAN', 950, 300, 100),
(2445, 25, '01:50 26/02/2021', 'CHUR SHARIF (HALT)', 'DAUD KHEL JN', 350, 300, 100),
(2446, 19, '07:40 27/01/2021', 'CHUR SHARIF (HALT)', 'DAUR', 1000, 300, 100),
(2447, 9, '02:20 10/02/2021', 'DABHEJI', 'DAUD KHEL JN', 950, 300, 100),
(2448, 6, '05:40 17/02/2021', 'DABHEJI', 'DAUR', 400, 300, 100),
(2449, 17, '08:30 15/02/2021', 'DABHEJI', 'DEPARTURE YARD', 200, 300, 100),
(2450, 25, '04:40 20/01/2021', 'DADU', 'DAUR', 400, 300, 100),
(2451, 19, '04:40 17/01/2021', 'DADU', 'DEPARTURE YARD', 400, 300, 100),
(2452, 25, '09:30 20/02/2021', 'DADU', 'DERA ALLAHYAR', 600, 300, 100),
(2453, 15, '03:20 16/01/2021', 'DAHARKI', 'DEPARTURE YARD', 700, 300, 100),
(2454, 23, '10:50 15/02/2021', 'DAHARKI', 'DERA ALLAHYAR', 100, 300, 100),
(2455, 12, '09:50 14/02/2021', 'DAHARKI', 'DERA DINPANAH', 1000, 300, 100),
(2456, 16, '07:40 15/01/2021', 'DALBANDIN', 'DERA ALLAHYAR', 650, 300, 100),
(2457, 4, '02:50 24/02/2021', 'DALBANDIN', 'DERA DINPANAH', 850, 300, 100),
(2458, 10, '04:30 17/01/2021', 'DALBANDIN', 'DERA GHAZI KHAN', 750, 300, 100),
(2459, 24, '11:10 09/02/2021', 'DAR UL IHSAN', 'DERA DINPANAH', 1000, 300, 100),
(2460, 5, '01:00 17/02/2021', 'DAR UL IHSAN', 'DERA GHAZI KHAN', 100, 300, 100),
(2461, 11, '05:30 13/01/2021', 'DAR UL IHSAN', 'DERA MURAD JAMALI', 600, 300, 100),
(2462, 22, '00:00 29/01/2021', 'DARKHANA', 'DERA GHAZI KHAN', 250, 300, 100),
(2463, 6, '03:50 11/02/2021', 'DARKHANA', 'DERA MURAD JAMALI', 400, 300, 100),
(2464, 4, '11:40 11/02/2021', 'DARKHANA', 'DERA NAWAB SAHIB', 550, 300, 100),
(2465, 12, '05:50 18/01/2021', 'DARYA KHAN', 'DERA MURAD JAMALI', 900, 300, 100),
(2466, 12, '09:50 15/01/2021', 'DARYA KHAN', 'DERA NAWAB SAHIB', 400, 300, 100),
(2467, 15, '03:30 17/02/2021', 'DARYA KHAN', 'DHAUNKAL', 350, 300, 100),
(2468, 11, '07:30 15/01/2021', 'DAUD KHEL JN', 'DERA NAWAB SAHIB', 800, 300, 100),
(2469, 4, '03:20 24/02/2021', 'DAUD KHEL JN', 'DHAUNKAL', 500, 300, 100),
(2470, 18, '03:30 18/02/2021', 'DAUD KHEL JN', 'DHORO NARO', 250, 300, 100),
(2471, 15, '07:40 13/01/2021', 'DAUR', 'DHAUNKAL', 950, 300, 100),
(2472, 10, '01:00 10/01/2021', 'DAUR', 'DHORO NARO', 550, 300, 100),
(2473, 18, '07:20 22/02/2021', 'DAUR', 'DINA', 100, 300, 100),
(2474, 10, '03:30 15/01/2021', 'DEPARTURE YARD', 'DHORO NARO', 650, 300, 100),
(2475, 22, '00:00 22/01/2021', 'DEPARTURE YARD', 'DINA', 1000, 300, 100),
(2476, 14, '10:40 11/02/2021', 'DEPARTURE YARD', 'DINGA', 100, 300, 100),
(2477, 18, '04:10 12/02/2021', 'DERA ALLAHYAR', 'DINA', 950, 300, 100),
(2478, 6, '10:20 10/01/2021', 'DERA ALLAHYAR', 'DINGA', 500, 300, 100),
(2479, 16, '08:00 26/01/2021', 'DERA ALLAHYAR', 'DOMALA', 550, 300, 100),
(2480, 8, '00:20 13/02/2021', 'DERA DINPANAH', 'DINGA', 550, 300, 100),
(2481, 5, '01:10 10/02/2021', 'DERA DINPANAH', 'DOMALA', 200, 300, 100),
(2482, 21, '10:10 18/01/2021', 'DERA DINPANAH', 'DOMEL', 650, 300, 100),
(2483, 6, '10:30 22/02/2021', 'DERA GHAZI KHAN', 'DOMALA', 800, 300, 100),
(2484, 6, '10:20 18/01/2021', 'DERA GHAZI KHAN', 'DOMEL', 550, 300, 100),
(2485, 17, '03:00 28/01/2021', 'DERA GHAZI KHAN', 'DRIGH COLONY', 250, 300, 100),
(2486, 16, '05:30 29/01/2021', 'DERA MURAD JAMALI', 'DOMEL', 850, 300, 100),
(2487, 9, '05:40 23/01/2021', 'DERA MURAD JAMALI', 'DRIGH COLONY', 1000, 300, 100),
(2488, 18, '11:40 23/01/2021', 'DERA MURAD JAMALI', 'DRIGH ROAD', 800, 300, 100),
(2489, 6, '11:20 29/01/2021', 'DERA NAWAB SAHIB', 'DRIGH COLONY', 500, 300, 100),
(2490, 20, '04:10 13/01/2021', 'DERA NAWAB SAHIB', 'DRIGH ROAD', 200, 300, 100),
(2491, 21, '00:10 23/01/2021', 'DERA NAWAB SAHIB', 'DUNYAPUR', 350, 300, 100),
(2492, 17, '00:50 12/02/2021', 'DHAUNKAL', 'DRIGH ROAD', 700, 300, 100),
(2493, 13, '08:20 13/02/2021', 'DHAUNKAL', 'DUNYAPUR', 50, 300, 100),
(2494, 20, '00:10 27/01/2021', 'DHAUNKAL', 'EMINABAD', 300, 300, 100),
(2495, 13, '07:50 14/02/2021', 'DHORO NARO', 'DUNYAPUR', 900, 300, 100),
(2496, 16, '11:30 10/02/2021', 'DHORO NARO', 'EMINABAD', 450, 300, 100),
(2497, 10, '01:20 20/01/2021', 'DHORO NARO', 'FAISALABAD', 950, 300, 100),
(2498, 19, '04:00 22/01/2021', 'DINA', 'EMINABAD', 150, 300, 100),
(2499, 18, '11:20 20/01/2021', 'DINA', 'FAISALABAD', 150, 300, 100),
(2500, 19, '04:30 13/02/2021', 'DINA', 'FAQIR TRUKO MANGRIO', 400, 300, 100),
(2501, 6, '01:30 17/01/2021', 'DINGA', 'FAISALABAD', 100, 300, 100),
(2502, 18, '05:20 26/02/2021', 'DINGA', 'FAQIR TRUKO MANGRIO', 650, 300, 100),
(2503, 19, '09:30 13/01/2021', 'DINGA', 'FAQIRABAD', 500, 300, 100),
(2504, 19, '10:30 26/01/2021', 'DOMALA', 'FAQIR TRUKO MANGRIO', 950, 300, 100),
(2505, 21, '04:50 15/01/2021', 'DOMALA', 'FAQIRABAD', 600, 300, 100),
(2506, 26, '05:30 26/02/2021', 'DOMALA', 'FAROOQ ABAD', 50, 300, 100),
(2507, 5, '01:30 21/01/2021', 'DOMEL', 'FAQIRABAD', 1000, 300, 100),
(2508, 24, '09:00 11/02/2021', 'DOMEL', 'FAROOQ ABAD', 900, 300, 100),
(2509, 13, '10:40 20/02/2021', 'DOMEL', 'FATEHJANG', 200, 300, 100),
(2510, 15, '04:20 21/02/2021', 'DRIGH COLONY', 'FAROOQ ABAD', 450, 300, 100),
(2511, 8, '05:50 26/01/2021', 'DRIGH COLONY', 'FATEHJANG', 350, 300, 100),
(2512, 10, '08:00 14/02/2021', 'DRIGH COLONY', 'FAZILPUR DHANDI', 50, 300, 100),
(2513, 24, '11:20 20/01/2021', 'DRIGH ROAD', 'FATEHJANG', 700, 300, 100),
(2514, 14, '07:20 25/02/2021', 'DRIGH ROAD', 'FAZILPUR DHANDI', 500, 300, 100),
(2515, 15, '05:50 22/01/2021', 'DRIGH ROAD', 'FIROZA', 900, 300, 100),
(2516, 7, '09:00 14/01/2021', 'DUNYAPUR', 'FAZILPUR DHANDI', 350, 300, 100),
(2517, 10, '08:30 28/02/2021', 'DUNYAPUR', 'FIROZA', 1000, 300, 100),
(2518, 9, '03:50 28/02/2021', 'DUNYAPUR', 'GAGOO', 1000, 300, 100),
(2519, 6, '05:50 21/02/2021', 'EMINABAD', 'FIROZA', 550, 300, 100),
(2520, 15, '04:30 11/02/2021', 'EMINABAD', 'GAGOO', 800, 300, 100),
(2521, 18, '08:40 15/01/2021', 'EMINABAD', 'GALANGUR', 1000, 300, 100),
(2522, 13, '02:20 31/01/2021', 'FAISALABAD', 'GAGOO', 50, 300, 100),
(2523, 25, '09:10 13/01/2021', 'FAISALABAD', 'GALANGUR', 750, 300, 100),
(2524, 8, '06:50 29/01/2021', 'FAISALABAD', 'GAMBAT', 50, 300, 100),
(2525, 19, '01:40 09/02/2021', 'FAQIR TRUKO MANGRIO', 'GALANGUR', 550, 300, 100),
(2526, 11, '11:00 16/02/2021', 'FAQIR TRUKO MANGRIO', 'GAMBAT', 750, 300, 100),
(2527, 21, '01:50 28/01/2021', 'FAQIR TRUKO MANGRIO', 'GAT', 750, 300, 100),
(2528, 7, '01:10 30/01/2021', 'FAQIRABAD', 'GAMBAT', 50, 300, 100),
(2529, 22, '08:30 10/02/2021', 'FAQIRABAD', 'GAT', 450, 300, 100),
(2530, 25, '07:50 19/01/2021', 'FAQIRABAD', 'GHAKKHAR MANDI', 250, 300, 100),
(2531, 11, '03:40 25/01/2021', 'FAROOQ ABAD', 'GAT', 50, 300, 100),
(2532, 16, '06:30 09/02/2021', 'FAROOQ ABAD', 'GHAKKHAR MANDI', 50, 300, 100),
(2533, 20, '08:10 25/01/2021', 'FAROOQ ABAD', 'GHOTKI', 200, 300, 100),
(2534, 11, '04:30 16/01/2021', 'FATEHJANG', 'GHAKKHAR MANDI', 700, 300, 100),
(2535, 6, '11:40 22/02/2021', 'FATEHJANG', 'GHOTKI', 900, 300, 100),
(2536, 10, '01:30 11/02/2021', 'FATEHJANG', 'GILAWALA', 650, 300, 100),
(2537, 11, '00:20 24/01/2021', 'FAZILPUR DHANDI', 'GHOTKI', 800, 300, 100),
(2538, 25, '03:20 30/01/2021', 'FAZILPUR DHANDI', 'GILAWALA', 800, 300, 100),
(2539, 17, '08:00 19/02/2021', 'FAZILPUR DHANDI', 'GOJRA', 750, 300, 100),
(2540, 26, '08:50 28/02/2021', 'FIROZA', 'GILAWALA', 50, 300, 100),
(2541, 24, '08:30 27/02/2021', 'FIROZA', 'GOJRA', 900, 300, 100),
(2542, 22, '09:50 28/02/2021', 'FIROZA', 'GOLRA SHARIF', 300, 300, 100),
(2543, 25, '07:20 14/02/2021', 'GAGOO', 'GOJRA', 1000, 300, 100),
(2544, 4, '09:10 27/01/2021', 'GAGOO', 'GOLRA SHARIF', 1000, 300, 100),
(2545, 22, '04:50 10/02/2021', 'GAGOO', 'GUJAR KHAN', 100, 300, 100),
(2546, 9, '11:50 28/01/2021', 'GALANGUR', 'GOLRA SHARIF', 1000, 300, 100),
(2547, 26, '05:30 22/02/2021', 'GALANGUR', 'GUJAR KHAN', 600, 300, 100),
(2548, 9, '10:50 10/01/2021', 'GALANGUR', 'GUJJAR', 950, 300, 100),
(2549, 17, '01:00 22/02/2021', 'GAMBAT', 'GUJAR KHAN', 800, 300, 100),
(2550, 10, '07:20 21/02/2021', 'GAMBAT', 'GUJJAR', 500, 300, 100),
(2551, 26, '05:30 24/01/2021', 'GAMBAT', 'GUJRANWALA', 1000, 300, 100),
(2552, 4, '07:20 14/02/2021', 'GAT', 'GUJJAR', 500, 300, 100),
(2553, 25, '02:00 15/02/2021', 'GAT', 'GUJRANWALA', 150, 300, 100),
(2554, 26, '05:10 28/02/2021', 'GAT', 'GUJRANWALA CANTT', 900, 300, 100),
(2555, 4, '06:20 26/02/2021', 'GHAKKHAR MANDI', 'GUJRANWALA', 900, 300, 100),
(2556, 8, '11:30 18/02/2021', 'GHAKKHAR MANDI', 'GUJRANWALA CANTT', 950, 300, 100),
(2557, 25, '05:30 16/02/2021', 'GHAKKHAR MANDI', 'GUJRAT', 500, 300, 100),
(2558, 24, '06:50 23/01/2021', 'GHOTKI', 'GUJRANWALA CANTT', 500, 300, 100),
(2559, 8, '01:10 16/01/2021', 'GHOTKI', 'GUJRAT', 800, 300, 100),
(2560, 7, '03:50 10/01/2021', 'GHOTKI', 'GULISTAN', 50, 300, 100),
(2561, 14, '04:10 25/01/2021', 'GILAWALA', 'GUJRAT', 500, 300, 100),
(2562, 19, '06:50 15/01/2021', 'GILAWALA', 'GULISTAN', 800, 300, 100),
(2563, 6, '01:30 29/01/2021', 'GILAWALA', 'GUNNA KALAN', 300, 300, 100),
(2564, 22, '08:10 27/02/2021', 'GOJRA', 'GULISTAN', 250, 300, 100),
(2565, 5, '05:00 30/01/2021', 'GOJRA', 'GUNNA KALAN', 50, 300, 100),
(2566, 4, '11:40 09/02/2021', 'GOJRA', 'GURMANI', 800, 300, 100),
(2567, 21, '10:50 13/02/2021', 'GOLRA SHARIF', 'GUNNA KALAN', 450, 300, 100),
(2568, 24, '10:20 15/02/2021', 'GOLRA SHARIF', 'GURMANI', 600, 300, 100),
(2569, 16, '11:00 16/01/2021', 'GOLRA SHARIF', 'HABIB KOT JN.', 900, 300, 100),
(2570, 13, '06:00 09/02/2021', 'GUJAR KHAN', 'GURMANI', 150, 300, 100),
(2571, 16, '04:50 26/02/2021', 'GUJAR KHAN', 'HABIB KOT JN.', 700, 300, 100),
(2572, 26, '06:00 11/02/2021', 'GUJAR KHAN', 'HAFIZABAD', 600, 300, 100),
(2573, 8, '01:10 22/01/2021', 'GUJJAR', 'HABIB KOT JN.', 650, 300, 100),
(2574, 8, '02:40 18/02/2021', 'GUJJAR', 'HAFIZABAD', 500, 300, 100),
(2575, 9, '11:40 19/02/2021', 'GUJJAR', 'HAIBAT SHAHEED', 350, 300, 100),
(2576, 13, '10:40 16/02/2021', 'GUJRANWALA', 'HAFIZABAD', 950, 300, 100),
(2577, 16, '07:00 10/02/2021', 'GUJRANWALA', 'HAIBAT SHAHEED', 50, 300, 100),
(2578, 16, '11:20 11/02/2021', 'GUJRANWALA', 'HARANPUR JN AND SIDING', 900, 300, 100),
(2579, 21, '04:00 17/02/2021', 'GUJRANWALA CANTT', 'HAIBAT SHAHEED', 350, 300, 100),
(2580, 24, '04:50 17/02/2021', 'GUJRANWALA CANTT', 'HARANPUR JN AND SIDING', 550, 300, 100),
(2581, 7, '02:10 18/01/2021', 'GUJRANWALA CANTT', 'HARIAH', 950, 300, 100),
(2582, 5, '06:40 30/01/2021', 'GUJRAT', 'HARANPUR JN AND SIDING', 600, 300, 100),
(2583, 16, '08:40 26/01/2021', 'GUJRAT', 'HARIAH', 1000, 300, 100),
(2584, 15, '06:20 18/02/2021', 'GUJRAT', 'HARIPUR HAZARA', 50, 300, 100),
(2585, 26, '11:20 18/02/2021', 'GULISTAN', 'HARIAH', 850, 300, 100),
(2586, 24, '03:30 21/02/2021', 'GULISTAN', 'HARIPUR HAZARA', 50, 300, 100),
(2587, 4, '03:20 15/01/2021', 'GULISTAN', 'HASAN ABDAL', 800, 300, 100),
(2588, 18, '11:40 24/01/2021', 'GUNNA KALAN', 'HARIPUR HAZARA', 700, 300, 100),
(2589, 26, '00:40 20/01/2021', 'GUNNA KALAN', 'HASAN ABDAL', 400, 300, 100),
(2590, 4, '10:10 20/02/2021', 'GUNNA KALAN', 'HASISAR', 950, 300, 100),
(2591, 19, '07:20 13/01/2021', 'GURMANI', 'HASAN ABDAL', 300, 300, 100),
(2592, 14, '02:50 18/01/2021', 'GURMANI', 'HASISAR', 300, 300, 100),
(2593, 16, '01:50 27/01/2021', 'GURMANI', 'HAVELI WASAWEWALA', 650, 300, 100),
(2594, 16, '09:10 31/01/2021', 'HABIB KOT JN.', 'HASISAR', 200, 300, 100),
(2595, 20, '03:40 16/02/2021', 'HABIB KOT JN.', 'HAVELI WASAWEWALA', 50, 300, 100),
(2596, 4, '06:20 10/01/2021', 'HABIB KOT JN.', 'HAVELIAN', 350, 300, 100),
(2597, 22, '04:40 17/01/2021', 'HAFIZABAD', 'HAVELI WASAWEWALA', 150, 300, 100),
(2598, 20, '11:10 18/02/2021', 'HAFIZABAD', 'HAVELIAN', 850, 300, 100),
(2599, 4, '04:40 26/02/2021', 'HAFIZABAD', 'HYDERABAD JN', 450, 300, 100),
(2600, 25, '00:00 20/02/2021', 'HAIBAT SHAHEED', 'HAVELIAN', 900, 300, 100),
(2601, 13, '02:00 18/01/2021', 'HAIBAT SHAHEED', 'HYDERABAD JN', 850, 300, 100),
(2602, 18, '10:40 11/02/2021', 'HAIBAT SHAHEED', 'INJRA', 800, 300, 100),
(2603, 8, '01:00 13/02/2021', 'HARANPUR JN AND SIDING', 'HYDERABAD JN', 100, 300, 100),
(2604, 23, '05:10 18/01/2021', 'HARANPUR JN AND SIDING', 'INJRA', 250, 300, 100),
(2605, 23, '05:00 12/01/2021', 'HARANPUR JN AND SIDING', 'JACOBABAD JN.', 750, 300, 100),
(2606, 10, '06:20 30/01/2021', 'HARIAH', 'INJRA', 1000, 300, 100),
(2607, 14, '01:50 20/02/2021', 'HARIAH', 'JACOBABAD JN.', 500, 300, 100),
(2608, 9, '00:40 20/01/2021', 'HARIAH', 'JAHANGIRA ROAD', 400, 300, 100),
(2609, 18, '05:50 14/02/2021', 'HARIPUR HAZARA', 'JACOBABAD JN.', 600, 300, 100),
(2610, 6, '06:00 09/02/2021', 'HARIPUR HAZARA', 'JAHANGIRA ROAD', 200, 300, 100),
(2611, 10, '09:30 27/02/2021', 'HARIPUR HAZARA', 'JAHANIA', 250, 300, 100),
(2612, 11, '04:10 10/02/2021', 'HASAN ABDAL', 'JAHANGIRA ROAD', 600, 300, 100),
(2613, 8, '08:10 11/01/2021', 'HASAN ABDAL', 'JAHANIA', 650, 300, 100),
(2614, 26, '02:10 16/02/2021', 'HASAN ABDAL', 'JALU-JO-CHUNRD', 750, 300, 100),
(2615, 25, '04:40 10/02/2021', 'HASISAR', 'JAHANIA', 250, 300, 100),
(2616, 5, '08:20 26/02/2021', 'HASISAR', 'JALU-JO-CHUNRD', 750, 300, 100),
(2617, 7, '07:10 22/01/2021', 'HASISAR', 'JAMAN SHAH', 400, 300, 100),
(2618, 10, '11:20 12/02/2021', 'HAVELI WASAWEWALA', 'JALU-JO-CHUNRD', 750, 300, 100),
(2619, 17, '08:40 26/01/2021', 'HAVELI WASAWEWALA', 'JAMAN SHAH', 400, 300, 100),
(2620, 7, '09:20 24/01/2021', 'HAVELI WASAWEWALA', 'JAMPUR', 850, 300, 100),
(2621, 18, '02:00 28/01/2021', 'HAVELIAN', 'JAMAN SHAH', 300, 300, 100),
(2622, 11, '10:10 25/02/2021', 'HAVELIAN', 'JAMPUR', 300, 300, 100),
(2623, 11, '05:20 15/01/2021', 'HAVELIAN', 'JAMRANIWAH', 100, 300, 100),
(2624, 10, '06:30 22/01/2021', 'HYDERABAD JN', 'JAMPUR', 750, 300, 100),
(2625, 19, '09:10 18/02/2021', 'HYDERABAD JN', 'JAMRANIWAH', 200, 300, 100),
(2626, 12, '10:50 30/01/2021', 'HYDERABAD JN', 'JAMRAO JN.', 350, 300, 100),
(2627, 9, '08:00 30/01/2021', 'INJRA', 'JAMRANIWAH', 900, 300, 100),
(2628, 8, '06:50 27/01/2021', 'INJRA', 'JAMRAO JN.', 500, 300, 100),
(2629, 25, '07:00 23/02/2021', 'INJRA', 'JAND JN', 350, 300, 100),
(2630, 22, '04:20 23/02/2021', 'JACOBABAD JN.', 'JAMRAO JN.', 600, 300, 100),
(2631, 12, '09:30 11/01/2021', 'JACOBABAD JN.', 'JAND JN', 350, 300, 100),
(2632, 21, '07:00 30/01/2021', 'JACOBABAD JN.', 'JARANWALA', 700, 300, 100),
(2633, 5, '00:00 28/01/2021', 'JAHANGIRA ROAD', 'JAND JN', 600, 300, 100),
(2634, 11, '08:40 21/02/2021', 'JAHANGIRA ROAD', 'JARANWALA', 500, 300, 100),
(2635, 7, '09:50 21/02/2021', 'JAHANGIRA ROAD', 'JAURAH KARNANA', 1000, 300, 100),
(2636, 13, '11:10 29/01/2021', 'JAHANIA', 'JARANWALA', 800, 300, 100),
(2637, 8, '01:40 21/01/2021', 'JAHANIA', 'JAURAH KARNANA', 250, 300, 100),
(2638, 11, '01:00 20/02/2021', 'JAHANIA', 'JHALAR', 300, 300, 100),
(2639, 26, '11:20 18/01/2021', 'JALU-JO-CHUNRD', 'JAURAH KARNANA', 750, 300, 100),
(2640, 4, '09:30 23/02/2021', 'JALU-JO-CHUNRD', 'JHALAR', 300, 300, 100),
(2641, 24, '05:20 20/02/2021', 'JALU-JO-CHUNRD', 'JHAMAT', 600, 300, 100),
(2642, 5, '11:10 30/01/2021', 'JAMAN SHAH', 'JHALAR', 350, 300, 100),
(2643, 20, '00:20 31/01/2021', 'JAMAN SHAH', 'JHAMAT', 750, 300, 100),
(2644, 10, '08:10 27/02/2021', 'JAMAN SHAH', 'JHANG CITY', 250, 300, 100),
(2645, 7, '05:50 13/01/2021', 'JAMPUR', 'JHAMAT', 900, 300, 100),
(2646, 14, '07:10 22/01/2021', 'JAMPUR', 'JHANG CITY', 50, 300, 100),
(2647, 7, '06:50 17/01/2021', 'JAMPUR', 'JHANG SADAR', 450, 300, 100),
(2648, 11, '03:20 20/01/2021', 'JAMRANIWAH', 'JHANG CITY', 400, 300, 100),
(2649, 12, '10:30 25/02/2021', 'JAMRANIWAH', 'JHANG SADAR', 800, 300, 100),
(2650, 4, '07:50 31/01/2021', 'JAMRANIWAH', 'JHELUM', 1000, 300, 100),
(2651, 14, '06:30 22/01/2021', 'JAMRAO JN.', 'JHANG SADAR', 1000, 300, 100),
(2652, 22, '09:30 18/01/2021', 'JAMRAO JN.', 'JHELUM', 450, 300, 100),
(2653, 12, '02:00 22/02/2021', 'JAMRAO JN.', 'JHIMPIR', 700, 300, 100),
(2654, 7, '01:00 30/01/2021', 'JAND JN', 'JHELUM', 950, 300, 100),
(2655, 4, '02:30 22/02/2021', 'JAND JN', 'JHIMPIR', 250, 300, 100),
(2656, 8, '02:10 26/01/2021', 'JAND JN', 'JHOK DITTA', 50, 300, 100),
(2657, 24, '04:00 24/02/2021', 'JARANWALA', 'JHIMPIR', 850, 300, 100),
(2658, 11, '10:50 17/02/2021', 'JARANWALA', 'JHOK DITTA', 800, 300, 100),
(2659, 6, '00:40 17/02/2021', 'JARANWALA', 'JUMMAH GOTH', 550, 300, 100),
(2660, 7, '02:50 15/02/2021', 'JAURAH KARNANA', 'JHOK DITTA', 900, 300, 100),
(2661, 4, '10:10 12/01/2021', 'JAURAH KARNANA', 'JUMMAH GOTH', 200, 300, 100),
(2662, 26, '02:30 28/01/2021', 'JAURAH KARNANA', 'JUNGSHAHI', 850, 300, 100),
(2663, 25, '08:10 23/01/2021', 'JHALAR', 'JUMMAH GOTH', 300, 300, 100),
(2664, 4, '00:40 16/01/2021', 'JHALAR', 'JUNGSHAHI', 250, 300, 100),
(2665, 6, '03:30 24/01/2021', 'JHALAR', 'KAHAL', 800, 300, 100),
(2666, 10, '09:50 11/02/2021', 'JHAMAT', 'JUNGSHAHI', 950, 300, 100),
(2667, 14, '01:40 13/02/2021', 'JHAMAT', 'KAHAL', 450, 300, 100),
(2668, 5, '00:40 17/01/2021', 'JHAMAT', 'KAHROR PAKKA', 100, 300, 100),
(2669, 4, '00:20 24/02/2021', 'JHANG CITY', 'KAHAL', 400, 300, 100),
(2670, 11, '11:30 15/01/2021', 'JHANG CITY', 'KAHROR PAKKA', 600, 300, 100),
(2671, 11, '08:50 20/02/2021', 'JHANG CITY', 'KALA KHATAI', 550, 300, 100),
(2672, 4, '08:30 27/01/2021', 'JHANG SADAR', 'KAHROR PAKKA', 150, 300, 100),
(2673, 21, '11:30 22/01/2021', 'JHANG SADAR', 'KALA KHATAI', 350, 300, 100),
(2674, 23, '07:20 21/01/2021', 'JHANG SADAR', 'KALA SHAH KAKU', 300, 300, 100),
(2675, 5, '04:40 18/01/2021', 'JHELUM', 'KALA KHATAI', 250, 300, 100),
(2676, 22, '11:40 12/02/2021', 'JHELUM', 'KALA SHAH KAKU', 450, 300, 100),
(2677, 4, '05:10 18/02/2021', 'JHELUM', 'KALLUR KOT', 250, 300, 100),
(2678, 23, '04:20 22/02/2021', 'JHIMPIR', 'KALA SHAH KAKU', 150, 300, 100),
(2679, 14, '09:30 10/01/2021', 'JHIMPIR', 'KALLUR KOT', 300, 300, 100),
(2680, 14, '02:20 17/01/2021', 'JHIMPIR', 'KAMALIA', 600, 300, 100),
(2681, 16, '01:40 27/01/2021', 'JHOK DITTA', 'KALLUR KOT', 50, 300, 100),
(2682, 18, '08:30 17/01/2021', 'JHOK DITTA', 'KAMALIA', 50, 300, 100),
(2683, 17, '08:30 22/01/2021', 'JHOK DITTA', 'KAMOKE', 950, 300, 100),
(2684, 18, '01:50 12/01/2021', 'JUMMAH GOTH', 'KAMALIA', 250, 300, 100),
(2685, 11, '10:00 10/02/2021', 'JUMMAH GOTH', 'KAMOKE', 600, 300, 100),
(2686, 22, '06:30 31/01/2021', 'JUMMAH GOTH', 'KANDHKOT', 450, 300, 100),
(2687, 22, '09:40 14/01/2021', 'JUNGSHAHI', 'KAMOKE', 700, 300, 100),
(2688, 25, '03:30 14/02/2021', 'JUNGSHAHI', 'KANDHKOT', 750, 300, 100),
(2689, 21, '03:50 22/02/2021', 'JUNGSHAHI', 'KANGANPUR', 650, 300, 100),
(2690, 4, '11:10 17/02/2021', 'KAHAL', 'KANDHKOT', 750, 300, 100),
(2691, 19, '11:10 21/02/2021', 'KAHAL', 'KANGANPUR', 900, 300, 100),
(2692, 23, '08:20 12/02/2021', 'KAHAL', 'KANJUR', 850, 300, 100),
(2693, 12, '03:50 24/01/2021', 'KAHROR PAKKA', 'KANGANPUR', 850, 300, 100),
(2694, 20, '04:40 28/01/2021', 'KAHROR PAKKA', 'KANJUR', 50, 300, 100),
(2695, 19, '09:20 24/02/2021', 'KAHROR PAKKA', 'KANJWANI', 600, 300, 100),
(2696, 19, '09:00 11/02/2021', 'KALA KHATAI', 'KANJUR', 500, 300, 100),
(2697, 26, '02:10 30/01/2021', 'KALA KHATAI', 'KANJWANI', 750, 300, 100),
(2698, 19, '01:30 30/01/2021', 'KALA KHATAI', 'KARACHI CANTT', 900, 300, 100),
(2699, 22, '11:10 26/02/2021', 'KALA SHAH KAKU', 'KANJWANI', 400, 300, 100),
(2700, 6, '01:50 16/02/2021', 'KALA SHAH KAKU', 'KARACHI CANTT', 800, 300, 100),
(2701, 5, '10:40 14/02/2021', 'KALA SHAH KAKU', 'KARACHI CITY', 150, 300, 100),
(2702, 15, '11:00 13/01/2021', 'KALLUR KOT', 'KARACHI CANTT', 300, 300, 100),
(2703, 26, '09:30 09/02/2021', 'KALLUR KOT', 'KARACHI CITY', 450, 300, 100),
(2704, 17, '08:40 17/02/2021', 'KALLUR KOT', 'KAROR', 200, 300, 100),
(2705, 15, '00:50 15/01/2021', 'KAMALIA', 'KARACHI CITY', 750, 300, 100),
(2706, 8, '06:20 09/02/2021', 'KAMALIA', 'KAROR', 550, 300, 100),
(2707, 17, '06:20 25/01/2021', 'KAMALIA', 'KASHMOR COLONY', 600, 300, 100),
(2708, 9, '10:10 15/01/2021', 'KAMOKE', 'KAROR', 1000, 300, 100),
(2709, 13, '07:00 25/01/2021', 'KAMOKE', 'KASHMOR COLONY', 700, 300, 100),
(2710, 13, '06:50 27/02/2021', 'KAMOKE', 'KASUR JN.', 400, 300, 100),
(2711, 7, '03:00 12/01/2021', 'KANDHKOT', 'KASHMOR COLONY', 850, 300, 100),
(2712, 10, '06:30 16/01/2021', 'KANDHKOT', 'KASUR JN.', 150, 300, 100),
(2713, 18, '09:40 16/02/2021', 'KANDHKOT', 'KHAIRPUR', 200, 300, 100),
(2714, 12, '08:20 16/01/2021', 'KANGANPUR', 'KASUR JN.', 1000, 300, 100),
(2715, 11, '05:50 28/01/2021', 'KANGANPUR', 'KHAIRPUR', 850, 300, 100),
(2716, 16, '05:00 24/01/2021', 'KANGANPUR', 'KHAN MUHAMMAD CHAH', 700, 300, 100),
(2717, 10, '09:10 14/02/2021', 'KANJUR', 'KHAIRPUR', 450, 300, 100),
(2718, 13, '07:00 28/01/2021', 'KANJUR', 'KHAN MUHAMMAD CHAH', 450, 300, 100),
(2719, 20, '09:30 12/02/2021', 'KANJUR', 'KHANEWAL JN', 200, 300, 100),
(2720, 10, '08:40 10/02/2021', 'KANJWANI', 'KHAN MUHAMMAD CHAH', 300, 300, 100),
(2721, 8, '06:20 21/02/2021', 'KANJWANI', 'KHANEWAL JN', 800, 300, 100),
(2722, 20, '00:40 25/01/2021', 'KANJWANI', 'KHANPUR JN.', 350, 300, 100),
(2723, 15, '06:20 28/02/2021', 'KARACHI CANTT', 'KHANEWAL JN', 900, 300, 100),
(2724, 4, '02:40 28/02/2021', 'KARACHI CANTT', 'KHANPUR JN.', 800, 300, 100),
(2725, 16, '01:40 21/02/2021', 'KARACHI CANTT', 'KHARIAN CANTT', 50, 300, 100),
(2726, 20, '06:40 10/01/2021', 'KARACHI CITY', 'KHANPUR JN.', 400, 300, 100),
(2727, 23, '00:40 26/01/2021', 'KARACHI CITY', 'KHARIAN CANTT', 950, 300, 100),
(2728, 14, '01:20 20/02/2021', 'KARACHI CITY', 'KHATAKABAD', 250, 300, 100),
(2729, 21, '08:00 10/02/2021', 'KAROR', 'KHARIAN CANTT', 300, 300, 100),
(2730, 8, '09:00 25/01/2021', 'KAROR', 'KHATAKABAD', 900, 300, 100),
(2731, 8, '08:30 20/01/2021', 'KAROR', 'KHATHAR', 100, 300, 100),
(2732, 11, '02:20 21/01/2021', 'KASHMOR COLONY', 'KHATAKABAD', 500, 300, 100),
(2733, 15, '02:40 14/01/2021', 'KASHMOR COLONY', 'KHATHAR', 700, 300, 100),
(2734, 20, '06:20 26/02/2021', 'KASHMOR COLONY', 'KHOKHROPAR', 500, 300, 100),
(2735, 15, '05:20 18/02/2021', 'KASUR JN.', 'KHATHAR', 200, 300, 100),
(2736, 21, '00:50 12/01/2021', 'KASUR JN.', 'KHOKHROPAR', 750, 300, 100),
(2737, 16, '04:30 27/02/2021', 'KASUR JN.', 'KHUDIAN', 600, 300, 100),
(2738, 22, '09:40 12/01/2021', 'KHAIRPUR', 'KHOKHROPAR', 650, 300, 100),
(2739, 21, '11:10 18/02/2021', 'KHAIRPUR', 'KHUDIAN', 650, 300, 100),
(2740, 15, '01:10 19/02/2021', 'KHAIRPUR', 'KHUSHAB', 650, 300, 100),
(2741, 6, '03:10 13/02/2021', 'KHAN MUHAMMAD CHAH', 'KHUDIAN', 900, 300, 100),
(2742, 8, '11:30 11/02/2021', 'KHAN MUHAMMAD CHAH', 'KHUSHAB', 50, 300, 100),
(2743, 13, '03:40 12/02/2021', 'KHAN MUHAMMAD CHAH', 'KILA ABDULLA', 550, 300, 100),
(2744, 15, '05:20 26/01/2021', 'KHANEWAL JN', 'KHUSHAB', 650, 300, 100),
(2745, 17, '00:30 21/01/2021', 'KHANEWAL JN', 'KILA ABDULLA', 100, 300, 100),
(2746, 6, '00:20 23/01/2021', 'KHANEWAL JN', 'KILA SOBHA SINGH', 150, 300, 100),
(2747, 15, '08:00 28/02/2021', 'KHANPUR JN.', 'KILA ABDULLA', 950, 300, 100),
(2748, 16, '02:10 17/01/2021', 'KHANPUR JN.', 'KILA SOBHA SINGH', 1000, 300, 100),
(2749, 17, '09:10 28/01/2021', 'KHANPUR JN.', 'KISHINGI', 850, 300, 100),
(2750, 16, '11:20 24/01/2021', 'KHARIAN CANTT', 'KILA SOBHA SINGH', 700, 300, 100),
(2751, 16, '00:20 24/02/2021', 'KHARIAN CANTT', 'KISHINGI', 750, 300, 100),
(2752, 17, '09:50 21/01/2021', 'KHARIAN CANTT', 'KOHAT CANTT', 300, 300, 100),
(2753, 17, '10:00 10/02/2021', 'KHATAKABAD', 'KISHINGI', 300, 300, 100),
(2754, 20, '00:10 18/01/2021', 'KHATAKABAD', 'KOHAT CANTT', 400, 300, 100),
(2755, 21, '00:10 12/01/2021', 'KHATAKABAD', 'KOLPUR', 950, 300, 100),
(2756, 23, '00:40 16/01/2021', 'KHATHAR', 'KOHAT CANTT', 450, 300, 100),
(2757, 13, '07:20 17/02/2021', 'KHATHAR', 'KOLPUR', 850, 300, 100),
(2758, 24, '08:20 20/02/2021', 'KHATHAR', 'KOT ADU JN.', 450, 300, 100),
(2759, 12, '10:00 16/01/2021', 'KHOKHROPAR', 'KOLPUR', 800, 300, 100),
(2760, 24, '03:50 11/02/2021', 'KHOKHROPAR', 'KOT ADU JN.', 350, 300, 100),
(2761, 13, '09:30 11/02/2021', 'KHOKHROPAR', 'KOT KHAIR DIN (HALT)', 900, 300, 100),
(2762, 21, '05:00 25/01/2021', 'KHUDIAN', 'KOT ADU JN.', 700, 300, 100),
(2763, 20, '01:50 10/02/2021', 'KHUDIAN', 'KOT KHAIR DIN (HALT)', 200, 300, 100),
(2764, 20, '11:40 20/02/2021', 'KHUDIAN', 'KOT LAKHPAT', 750, 300, 100),
(2765, 5, '01:50 23/01/2021', 'KHUSHAB', 'KOT KHAIR DIN (HALT)', 800, 300, 100),
(2766, 23, '11:40 25/02/2021', 'KHUSHAB', 'KOT LAKHPAT', 1000, 300, 100),
(2767, 4, '09:50 28/02/2021', 'KHUSHAB', 'KOT NAJIB ULLAH', 300, 300, 100),
(2768, 21, '09:30 15/02/2021', 'KILA ABDULLA', 'KOT LAKHPAT', 350, 300, 100),
(2769, 24, '10:40 19/02/2021', 'KILA ABDULLA', 'KOT NAJIB ULLAH', 250, 300, 100),
(2770, 19, '09:40 18/02/2021', 'KILA ABDULLA', 'KOT RADHA KISHEN', 900, 300, 100),
(2771, 12, '04:00 29/01/2021', 'KILA SOBHA SINGH', 'KOT NAJIB ULLAH', 700, 300, 100),
(2772, 7, '07:30 21/01/2021', 'KILA SOBHA SINGH', 'KOT RADHA KISHEN', 850, 300, 100),
(2773, 20, '08:30 16/02/2021', 'KILA SOBHA SINGH', 'KOT SULTAN', 650, 300, 100),
(2774, 4, '05:50 30/01/2021', 'KISHINGI', 'KOT RADHA KISHEN', 950, 300, 100),
(2775, 25, '06:30 11/01/2021', 'KISHINGI', 'KOT SULTAN', 450, 300, 100),
(2776, 4, '05:00 18/01/2021', 'KISHINGI', 'KOT-LALLOO', 100, 300, 100),
(2777, 17, '04:30 10/02/2021', 'KOHAT CANTT', 'KOT SULTAN', 100, 300, 100),
(2778, 22, '05:20 28/01/2021', 'KOHAT CANTT', 'KOT-LALLOO', 300, 300, 100),
(2779, 10, '03:50 12/02/2021', 'KOHAT CANTT', 'KOTRI JN.', 650, 300, 100),
(2780, 6, '01:50 30/01/2021', 'KOLPUR', 'KOT-LALLOO', 900, 300, 100),
(2781, 10, '02:50 19/02/2021', 'KOLPUR', 'KOTRI JN.', 300, 300, 100),
(2782, 6, '09:20 17/01/2021', 'KOLPUR', 'KOTSAMABA', 50, 300, 100),
(2783, 18, '10:50 15/02/2021', 'KOT ADU JN.', 'KOTRI JN.', 100, 300, 100),
(2784, 25, '04:20 22/02/2021', 'KOT ADU JN.', 'KOTSAMABA', 100, 300, 100),
(2785, 4, '08:30 12/01/2021', 'KOT ADU JN.', 'KUCHLAK', 600, 300, 100),
(2786, 12, '06:10 29/01/2021', 'KOT KHAIR DIN (HALT)', 'KOTSAMABA', 500, 300, 100),
(2787, 6, '09:10 30/01/2021', 'KOT KHAIR DIN (HALT)', 'KUCHLAK', 700, 300, 100),
(2788, 22, '03:50 22/02/2021', 'KOT KHAIR DIN (HALT)', 'KUHI-TAFTAN', 200, 300, 100),
(2789, 16, '03:40 14/02/2021', 'KOT LAKHPAT', 'KUCHLAK', 450, 300, 100),
(2790, 25, '11:50 21/01/2021', 'KOT LAKHPAT', 'KUHI-TAFTAN', 650, 300, 100),
(2791, 20, '11:50 09/02/2021', 'KOT LAKHPAT', 'KUNDIAN JN', 900, 300, 100),
(2792, 8, '07:30 15/01/2021', 'KOT NAJIB ULLAH', 'KUHI-TAFTAN', 850, 300, 100),
(2793, 21, '00:20 23/02/2021', 'KOT NAJIB ULLAH', 'KUNDIAN JN', 1000, 300, 100),
(2794, 26, '08:30 20/01/2021', 'KOT NAJIB ULLAH', 'LAHORE CANTT', 600, 300, 100),
(2795, 6, '09:50 19/02/2021', 'KOT RADHA KISHEN', 'KUNDIAN JN', 950, 300, 100),
(2796, 11, '06:00 19/01/2021', 'KOT RADHA KISHEN', 'LAHORE CANTT', 500, 300, 100),
(2797, 5, '10:30 13/01/2021', 'KOT RADHA KISHEN', 'LAHORE JN.', 350, 300, 100),
(2798, 14, '09:50 10/02/2021', 'KOT SULTAN', 'LAHORE CANTT', 550, 300, 100),
(2799, 16, '06:20 17/01/2021', 'KOT SULTAN', 'LAHORE JN.', 950, 300, 100),
(2800, 16, '01:40 26/01/2021', 'KOT SULTAN', 'LAKHA ROAD', 800, 300, 100),
(2801, 14, '02:20 11/01/2021', 'KOT-LALLOO', 'LAHORE JN.', 150, 300, 100),
(2802, 7, '03:00 31/01/2021', 'KOT-LALLOO', 'LAKHA ROAD', 250, 300, 100),
(2803, 14, '06:50 10/01/2021', 'KOT-LALLOO', 'LALA MUSA JN.', 1000, 300, 100),
(2804, 12, '00:00 11/02/2021', 'KOTRI JN.', 'LAKHA ROAD', 100, 300, 100),
(2805, 17, '05:00 29/01/2021', 'KOTRI JN.', 'LALA MUSA JN.', 550, 300, 100),
(2806, 23, '08:10 25/01/2021', 'KOTRI JN.', 'LALIAN', 150, 300, 100),
(2807, 23, '04:20 28/02/2021', 'KOTSAMABA', 'LALA MUSA JN.', 550, 300, 100),
(2808, 25, '03:10 16/02/2021', 'KOTSAMABA', 'LALIAN', 400, 300, 100),
(2809, 21, '00:10 27/02/2021', 'KOTSAMABA', 'LANDHI JN.', 950, 300, 100),
(2810, 10, '00:20 20/02/2021', 'KUCHLAK', 'LALIAN', 850, 300, 100),
(2811, 13, '01:00 28/01/2021', 'KUCHLAK', 'LANDHI JN.', 400, 300, 100),
(2812, 21, '08:50 12/01/2021', 'KUCHLAK', 'LANGAR', 100, 300, 100),
(2813, 14, '03:10 15/02/2021', 'KUHI-TAFTAN', 'LANDHI JN.', 950, 300, 100),
(2814, 14, '01:00 20/01/2021', 'KUHI-TAFTAN', 'LANGAR', 350, 300, 100),
(2815, 9, '01:30 14/01/2021', 'KUHI-TAFTAN', 'LARKANA JN.', 350, 300, 100),
(2816, 23, '00:50 19/02/2021', 'KUNDIAN JN', 'LANGAR', 800, 300, 100),
(2817, 4, '00:40 12/02/2021', 'KUNDIAN JN', 'LARKANA JN.', 600, 300, 100),
(2818, 7, '03:10 31/01/2021', 'KUNDIAN JN', 'LAYARI', 550, 300, 100),
(2819, 18, '01:00 16/01/2021', 'LAHORE CANTT', 'LARKANA JN.', 600, 300, 100),
(2820, 21, '11:50 13/01/2021', 'LAHORE CANTT', 'LAYARI', 50, 300, 100),
(2821, 4, '11:10 19/02/2021', 'LAHORE CANTT', 'LEIAH', 550, 300, 100),
(2822, 18, '08:30 17/01/2021', 'LAHORE JN.', 'LAYARI', 100, 300, 100),
(2823, 26, '11:20 16/02/2021', 'LAHORE JN.', 'LEIAH', 250, 300, 100),
(2824, 7, '05:20 24/02/2021', 'LAHORE JN.', 'LIAQUATPUR', 600, 300, 100),
(2825, 13, '10:30 12/02/2021', 'LAKHA ROAD', 'LEIAH', 100, 300, 100),
(2826, 10, '03:30 20/01/2021', 'LAKHA ROAD', 'LIAQUATPUR', 200, 300, 100),
(2827, 17, '09:50 13/01/2021', 'LAKHA ROAD', 'LODHRAN JN.', 650, 300, 100),
(2828, 13, '01:30 18/02/2021', 'LALA MUSA JN.', 'LIAQUATPUR', 450, 300, 100),
(2829, 22, '05:20 23/02/2021', 'LALA MUSA JN.', 'LODHRAN JN.', 100, 300, 100),
(2830, 14, '05:20 20/02/2021', 'LALA MUSA JN.', 'MACH', 750, 300, 100),
(2831, 24, '07:40 10/02/2021', 'LALIAN', 'LODHRAN JN.', 300, 300, 100),
(2832, 4, '02:20 15/02/2021', 'LALIAN', 'MACH', 850, 300, 100),
(2833, 21, '09:10 27/01/2021', 'LALIAN', 'MACHHIANWALA', 850, 300, 100),
(2834, 17, '02:30 30/01/2021', 'LANDHI JN.', 'MACH', 300, 300, 100),
(2835, 13, '02:10 12/02/2021', 'LANDHI JN.', 'MACHHIANWALA', 150, 300, 100),
(2836, 23, '03:20 10/02/2021', 'LANDHI JN.', 'MAHMUD KOT', 150, 300, 100),
(2837, 11, '02:20 25/02/2021', 'LANGAR', 'MACHHIANWALA', 950, 300, 100),
(2838, 26, '01:30 14/02/2021', 'LANGAR', 'MAHMUD KOT', 50, 300, 100),
(2839, 20, '07:00 14/02/2021', 'LANGAR', 'MAHRABPUR', 800, 300, 100),
(2840, 11, '01:50 15/02/2021', 'LARKANA JN.', 'MAHMUD KOT', 500, 300, 100),
(2841, 9, '08:00 11/01/2021', 'LARKANA JN.', 'MAHRABPUR', 500, 300, 100),
(2842, 12, '10:20 21/02/2021', 'LARKANA JN.', 'MAILSI', 900, 300, 100),
(2843, 5, '08:50 09/02/2021', 'LAYARI', 'MAHRABPUR', 850, 300, 100),
(2844, 17, '05:50 13/01/2021', 'LAYARI', 'MAILSI', 800, 300, 100),
(2845, 23, '06:00 18/01/2021', 'LAYARI', 'MAKHAD ROAD', 200, 300, 100),
(2846, 6, '00:10 19/02/2021', 'LEIAH', 'MAILSI', 250, 300, 100),
(2847, 16, '09:30 17/02/2021', 'LEIAH', 'MAKHAD ROAD', 50, 300, 100),
(2848, 9, '00:10 19/01/2021', 'LEIAH', 'MAKHDUMPUR PAHORAN', 900, 300, 100),
(2849, 25, '03:00 14/01/2021', 'LIAQUATPUR', 'MAKHAD ROAD', 250, 300, 100),
(2850, 11, '05:40 18/01/2021', 'LIAQUATPUR', 'MAKHDUMPUR PAHORAN', 550, 300, 100),
(2851, 7, '02:10 12/02/2021', 'LIAQUATPUR', 'MALAKWAL JN.', 850, 300, 100),
(2852, 5, '09:40 26/02/2021', 'LODHRAN JN.', 'MAKHDUMPUR PAHORAN', 750, 300, 100),
(2853, 26, '07:40 26/02/2021', 'LODHRAN JN.', 'MALAKWAL JN.', 50, 300, 100),
(2854, 23, '02:40 21/01/2021', 'LODHRAN JN.', 'MALIR', 350, 300, 100),
(2855, 23, '06:00 18/01/2021', 'MACH', 'MALAKWAL JN.', 1000, 300, 100),
(2856, 21, '03:10 14/01/2021', 'MACH', 'MALIR', 150, 300, 100),
(2857, 22, '00:10 25/02/2021', 'MACH', 'MALIR COLONY', 900, 300, 100),
(2858, 10, '02:00 21/01/2021', 'MACHHIANWALA', 'MALIR', 800, 300, 100),
(2859, 5, '09:10 31/01/2021', 'MACHHIANWALA', 'MALIR COLONY', 100, 300, 100),
(2860, 13, '01:30 30/01/2021', 'MACHHIANWALA', 'MALTI', 50, 300, 100),
(2861, 26, '09:20 15/01/2021', 'MAHMUD KOT', 'MALIR COLONY', 200, 300, 100),
(2862, 26, '03:20 25/01/2021', 'MAHMUD KOT', 'MALTI', 200, 300, 100),
(2863, 19, '00:20 25/02/2021', 'MAHMUD KOT', 'MAMU KANJAN', 550, 300, 100),
(2864, 15, '02:30 12/02/2021', 'MAHRABPUR', 'MALTI', 1000, 300, 100),
(2865, 12, '10:50 28/02/2021', 'MAHRABPUR', 'MAMU KANJAN', 200, 300, 100),
(2866, 12, '09:20 28/01/2021', 'MAHRABPUR', 'MANDI AHMADABAD', 300, 300, 100),
(2867, 4, '07:20 23/01/2021', 'MAILSI', 'MAMU KANJAN', 350, 300, 100),
(2868, 6, '04:00 09/02/2021', 'MAILSI', 'MANDI AHMADABAD', 300, 300, 100),
(2869, 20, '00:10 20/01/2021', 'MAILSI', 'MANDI BAHA UD DIN', 400, 300, 100),
(2870, 23, '05:20 18/02/2021', 'MAKHAD ROAD', 'MANDI AHMADABAD', 800, 300, 100),
(2871, 19, '07:30 10/02/2021', 'MAKHAD ROAD', 'MANDI BAHA UD DIN', 700, 300, 100),
(2872, 16, '02:50 19/01/2021', 'MAKHAD ROAD', 'MANDI BUREWALA', 650, 300, 100),
(2873, 11, '01:30 23/01/2021', 'MAKHDUMPUR PAHORAN', 'MANDI BAHA UD DIN', 500, 300, 100),
(2874, 17, '04:20 10/02/2021', 'MAKHDUMPUR PAHORAN', 'MANDI BUREWALA', 100, 300, 100),
(2875, 25, '09:20 11/02/2021', 'MAKHDUMPUR PAHORAN', 'MANGHOPIR', 150, 300, 100),
(2876, 7, '10:10 20/01/2021', 'MALAKWAL JN.', 'MANDI BUREWALA', 750, 300, 100),
(2877, 25, '05:00 22/02/2021', 'MALAKWAL JN.', 'MANGHOPIR', 500, 300, 100),
(2878, 20, '08:50 28/01/2021', 'MALAKWAL JN.', 'MANJHLA BAGH', 800, 300, 100),
(2879, 8, '06:30 14/02/2021', 'MALIR', 'MANGHOPIR', 750, 300, 100),
(2880, 5, '11:10 11/01/2021', 'MALIR', 'MANJHLA BAGH', 250, 300, 100),
(2881, 18, '01:50 12/01/2021', 'MALIR', 'ISLAMABAD (MARGALA)', 350, 300, 100),
(2882, 25, '08:40 25/02/2021', 'MALIR COLONY', 'MANJHLA BAGH', 500, 300, 100),
(2883, 25, '11:20 26/01/2021', 'MALIR COLONY', 'ISLAMABAD (MARGALA)', 600, 300, 100),
(2884, 10, '09:50 25/02/2021', 'MALIR COLONY', 'MARI INDUS', 500, 300, 100),
(2885, 26, '00:30 27/02/2021', 'MALTI', 'ISLAMABAD (MARGALA)', 750, 300, 100),
(2886, 16, '02:40 28/02/2021', 'MALTI', 'MARI INDUS', 300, 300, 100),
(2887, 12, '00:50 21/02/2021', 'MALTI', 'MARSHALLING YARD PIPRI', 50, 300, 100),
(2888, 15, '07:10 10/02/2021', 'MAMU KANJAN', 'MARI INDUS', 950, 300, 100),
(2889, 5, '01:30 21/01/2021', 'MAMU KANJAN', 'MARSHALLING YARD PIPRI', 50, 300, 100),
(2890, 6, '02:10 24/01/2021', 'MAMU KANJAN', 'MASSAN', 400, 300, 100),
(2891, 25, '05:40 20/01/2021', 'MANDI AHMADABAD', 'MARSHALLING YARD PIPRI', 500, 300, 100),
(2892, 11, '09:30 25/01/2021', 'MANDI AHMADABAD', 'MASSAN', 100, 300, 100),
(2893, 21, '09:10 29/01/2021', 'MANDI AHMADABAD', 'MEHTA SUJA', 550, 300, 100),
(2894, 14, '07:50 15/01/2021', 'MANDI BAHA UD DIN', 'MASSAN', 650, 300, 100),
(2895, 22, '06:30 13/02/2021', 'MANDI BAHA UD DIN', 'MEHTA SUJA', 850, 300, 100),
(2896, 13, '04:10 15/02/2021', 'MANDI BAHA UD DIN', 'METING', 700, 300, 100),
(2897, 21, '02:10 11/02/2021', 'MANDI BUREWALA', 'MEHTA SUJA', 850, 300, 100),
(2898, 17, '03:40 23/02/2021', 'MANDI BUREWALA', 'METING', 400, 300, 100),
(2899, 4, '07:40 27/02/2021', 'MANDI BUREWALA', 'MIAN CHANNUN', 350, 300, 100),
(2900, 21, '02:40 11/02/2021', 'MANGHOPIR', 'METING', 700, 300, 100),
(2901, 9, '09:10 19/01/2021', 'MANGHOPIR', 'MIAN CHANNUN', 100, 300, 100),
(2902, 13, '10:00 20/01/2021', 'MANGHOPIR', 'MIAN WALI', 550, 300, 100),
(2903, 12, '06:30 30/01/2021', 'MANJHLA BAGH', 'MIAN CHANNUN', 650, 300, 100),
(2904, 24, '09:30 24/02/2021', 'MANJHLA BAGH', 'MIAN WALI', 600, 300, 100),
(2905, 14, '05:10 11/01/2021', 'MANJHLA BAGH', 'MIRJAWA', 900, 300, 100),
(2906, 15, '11:00 13/02/2021', 'ISLAMABAD (MARGALA)', 'MIAN WALI', 250, 300, 100),
(2907, 21, '02:30 22/01/2021', 'ISLAMABAD (MARGALA)', 'MIRJAWA', 100, 300, 100),
(2908, 5, '07:30 26/01/2021', 'ISLAMABAD (MARGALA)', 'MIRPUR KHAS JN', 150, 300, 100),
(2909, 18, '09:10 28/02/2021', 'MARI INDUS', 'MIRJAWA', 400, 300, 100),
(2910, 20, '07:30 19/02/2021', 'MARI INDUS', 'MIRPUR KHAS JN', 300, 300, 100),
(2911, 13, '02:40 18/01/2021', 'MARI INDUS', 'MIRPUR MATHELO', 350, 300, 100),
(2912, 25, '00:40 11/01/2021', 'MARSHALLING YARD PIPRI', 'MIRPUR KHAS JN', 50, 300, 100),
(2913, 5, '08:10 24/02/2021', 'MARSHALLING YARD PIPRI', 'MIRPUR MATHELO', 850, 300, 100),
(2914, 15, '07:20 13/02/2021', 'MARSHALLING YARD PIPRI', 'MITHAN KOT', 550, 300, 100),
(2915, 5, '00:50 24/02/2021', 'MASSAN', 'MIRPUR MATHELO', 400, 300, 100),
(2916, 4, '06:30 20/01/2021', 'MASSAN', 'MITHAN KOT', 150, 300, 100),
(2917, 14, '02:30 27/02/2021', 'MASSAN', 'MOENGO DARO', 500, 300, 100),
(2918, 7, '09:50 25/01/2021', 'MEHTA SUJA', 'MITHAN KOT', 350, 300, 100),
(2919, 13, '05:10 21/01/2021', 'MEHTA SUJA', 'MOENGO DARO', 250, 300, 100),
(2920, 11, '09:10 17/01/2021', 'MEHTA SUJA', 'MOMAN', 400, 300, 100),
(2921, 11, '07:50 14/01/2021', 'METING', 'MOENGO DARO', 1000, 300, 100),
(2922, 8, '11:00 23/01/2021', 'METING', 'MOMAN', 850, 300, 100),
(2923, 14, '07:10 21/02/2021', 'METING', 'MONA', 550, 300, 100),
(2924, 4, '04:30 10/02/2021', 'MIAN CHANNUN', 'MOMAN', 100, 300, 100),
(2925, 16, '07:50 24/02/2021', 'MIAN CHANNUN', 'MONA', 400, 300, 100),
(2926, 21, '11:50 19/02/2021', 'MIAN CHANNUN', 'MUBARAKPUR', 350, 300, 100),
(2927, 5, '05:20 15/01/2021', 'MIAN WALI', 'MONA', 350, 300, 100),
(2928, 10, '07:10 24/01/2021', 'MIAN WALI', 'MUBARAKPUR', 250, 300, 100),
(2929, 10, '07:00 27/01/2021', 'MIAN WALI', 'MUDDUKI', 1000, 300, 100),
(2930, 10, '08:20 20/02/2021', 'MIRJAWA', 'MUBARAKPUR', 650, 300, 100),
(2931, 7, '10:40 10/02/2021', 'MIRJAWA', 'MUDDUKI', 800, 300, 100),
(2932, 9, '11:40 20/02/2021', 'MIRJAWA', 'MULTAN CANTT', 800, 300, 100),
(2933, 12, '05:30 22/01/2021', 'MIRPUR KHAS JN', 'MUDDUKI', 850, 300, 100),
(2934, 13, '02:10 27/01/2021', 'MIRPUR KHAS JN', 'MULTAN CANTT', 1000, 300, 100),
(2935, 15, '09:10 11/02/2021', 'MIRPUR KHAS JN', 'MURAD CHISHTI', 200, 300, 100),
(2936, 5, '09:00 20/02/2021', 'MIRPUR MATHELO', 'MULTAN CANTT', 700, 300, 100),
(2937, 7, '00:20 21/02/2021', 'MIRPUR MATHELO', 'MURAD CHISHTI', 550, 300, 100),
(2938, 8, '09:40 09/02/2021', 'MIRPUR MATHELO', 'MURIDKE', 800, 300, 100),
(2939, 24, '03:20 17/02/2021', 'MITHAN KOT', 'MURAD CHISHTI', 100, 300, 100),
(2940, 9, '06:50 22/01/2021', 'MITHAN KOT', 'MURIDKE', 400, 300, 100),
(2941, 21, '00:30 10/02/2021', 'MITHAN KOT', 'MUZAFFARGARH', 100, 300, 100),
(2942, 9, '09:40 17/01/2021', 'MOENGO DARO', 'MURIDKE', 450, 300, 100),
(2943, 15, '01:40 20/02/2021', 'MOENGO DARO', 'MUZAFFARGARH', 350, 300, 100),
(2944, 23, '03:50 19/01/2021', 'MOENGO DARO', 'MYP', 1000, 300, 100),
(2945, 14, '06:00 21/01/2021', 'MOMAN', 'MUZAFFARGARH', 800, 300, 100),
(2946, 8, '06:10 13/01/2021', 'MOMAN', 'MYP', 200, 300, 100);
INSERT INTO `schedule` (`ScheduleID`, `TrainID`, `DeptTime`, `FromStation`, `ToStation`, `Fare`, `EconomySeatsRemaining`, `BussinesSeatsRemaining`) VALUES
(2947, 23, '05:40 10/02/2021', 'MOMAN', 'NAMMAL', 200, 300, 100),
(2948, 6, '03:10 15/01/2021', 'MONA', 'MYP', 350, 300, 100),
(2949, 22, '08:10 14/01/2021', 'MONA', 'NAMMAL', 100, 300, 100),
(2950, 5, '07:40 26/01/2021', 'MONA', 'NANKANA SAHAB', 850, 300, 100),
(2951, 19, '06:10 20/02/2021', 'MUBARAKPUR', 'NAMMAL', 500, 300, 100),
(2952, 22, '09:10 10/02/2021', 'MUBARAKPUR', 'NANKANA SAHAB', 750, 300, 100),
(2953, 4, '02:10 17/02/2021', 'MUBARAKPUR', 'NARANG', 750, 300, 100),
(2954, 15, '09:30 11/01/2021', 'MUDDUKI', 'NANKANA SAHAB', 850, 300, 100),
(2955, 6, '02:40 25/01/2021', 'MUDDUKI', 'NARANG', 150, 300, 100),
(2956, 20, '03:20 14/02/2021', 'MUDDUKI', 'NAROWAL JN.', 400, 300, 100),
(2957, 18, '11:20 12/02/2021', 'MULTAN CANTT', 'NARANG', 950, 300, 100),
(2958, 11, '07:00 26/02/2021', 'MULTAN CANTT', 'NAROWAL JN.', 450, 300, 100),
(2959, 8, '03:50 17/01/2021', 'MULTAN CANTT', 'NAWABSHAH JN.', 150, 300, 100),
(2960, 24, '11:00 19/01/2021', 'MURAD CHISHTI', 'NAROWAL JN.', 700, 300, 100),
(2961, 26, '04:40 16/01/2021', 'MURAD CHISHTI', 'NAWABSHAH JN.', 900, 300, 100),
(2962, 9, '01:00 22/02/2021', 'MURAD CHISHTI', 'NEW CHHOR', 150, 300, 100),
(2963, 19, '01:30 28/02/2021', 'MURIDKE', 'NAWABSHAH JN.', 200, 300, 100),
(2964, 5, '10:20 14/02/2021', 'MURIDKE', 'NEW CHHOR', 200, 300, 100),
(2965, 14, '05:50 21/02/2021', 'MURIDKE', 'NEW MULTAN CITY', 150, 300, 100),
(2966, 15, '06:30 21/01/2021', 'MUZAFFARGARH', 'NEW CHHOR', 900, 300, 100),
(2967, 21, '03:00 14/01/2021', 'MUZAFFARGARH', 'NEW MULTAN CITY', 1000, 300, 100),
(2968, 16, '03:00 17/02/2021', 'MUZAFFARGARH', 'NISHTARABAD', 300, 300, 100),
(2969, 11, '07:40 24/01/2021', 'MYP', 'NEW MULTAN CITY', 950, 300, 100),
(2970, 22, '00:10 26/01/2021', 'MYP', 'NISHTARABAD', 300, 300, 100),
(2971, 17, '00:30 18/02/2021', 'MYP', 'NOK KUNDI', 400, 300, 100),
(2972, 13, '02:10 09/02/2021', 'NAMMAL', 'NISHTARABAD', 400, 300, 100),
(2973, 18, '06:20 28/01/2021', 'NAMMAL', 'NOK KUNDI', 150, 300, 100),
(2974, 17, '08:30 14/02/2021', 'NAMMAL', 'NOWSHERA JN.', 50, 300, 100),
(2975, 6, '09:00 21/01/2021', 'NANKANA SAHAB', 'NOK KUNDI', 1000, 300, 100),
(2976, 16, '03:50 30/01/2021', 'NANKANA SAHAB', 'NOWSHERA JN.', 450, 300, 100),
(2977, 14, '06:10 10/02/2021', 'NANKANA SAHAB', 'NUR MUHAMMAD MOKAL', 950, 300, 100),
(2978, 5, '02:10 19/01/2021', 'NARANG', 'NOWSHERA JN.', 600, 300, 100),
(2979, 13, '07:50 10/02/2021', 'NARANG', 'NUR MUHAMMAD MOKAL', 150, 300, 100),
(2980, 25, '01:40 23/01/2021', 'NARANG', 'NUR SHAH', 350, 300, 100),
(2981, 13, '07:40 29/01/2021', 'NAROWAL JN.', 'NUR MUHAMMAD MOKAL', 50, 300, 100),
(2982, 10, '02:40 09/02/2021', 'NAROWAL JN.', 'NUR SHAH', 300, 300, 100),
(2983, 11, '10:40 27/02/2021', 'NAROWAL JN.', 'NUSHKI', 700, 300, 100),
(2984, 7, '03:40 22/02/2021', 'NAWABSHAH JN.', 'NUR SHAH', 650, 300, 100),
(2985, 14, '11:20 24/01/2021', 'NAWABSHAH JN.', 'NUSHKI', 650, 300, 100),
(2986, 4, '01:10 28/02/2021', 'NAWABSHAH JN.', 'ODEROLAL', 450, 300, 100),
(2987, 8, '01:00 21/01/2021', 'NEW CHHOR', 'NUSHKI', 950, 300, 100),
(2988, 12, '03:00 30/01/2021', 'NEW CHHOR', 'ODEROLAL', 900, 300, 100),
(2989, 11, '00:40 23/01/2021', 'NEW CHHOR', 'OKARA', 500, 300, 100),
(2990, 24, '01:20 25/01/2021', 'NEW MULTAN CITY', 'ODEROLAL', 300, 300, 100),
(2991, 5, '09:30 27/02/2021', 'NEW MULTAN CITY', 'OKARA', 500, 300, 100),
(2992, 11, '06:50 11/01/2021', 'NEW MULTAN CITY', 'ORANGI', 350, 300, 100),
(2993, 20, '04:40 25/02/2021', 'NISHTARABAD', 'OKARA', 950, 300, 100),
(2994, 16, '03:20 20/02/2021', 'NISHTARABAD', 'ORANGI', 550, 300, 100),
(2995, 16, '07:40 11/02/2021', 'NISHTARABAD', 'PABBI', 300, 300, 100),
(2996, 13, '08:10 24/02/2021', 'NOK KUNDI', 'ORANGI', 450, 300, 100),
(2997, 10, '04:40 28/01/2021', 'NOK KUNDI', 'PABBI', 50, 300, 100),
(2998, 11, '05:40 09/02/2021', 'NOK KUNDI', 'PADAG ROAD', 450, 300, 100),
(2999, 23, '10:50 23/02/2021', 'NOWSHERA JN.', 'PABBI', 600, 300, 100),
(3000, 23, '07:50 17/02/2021', 'NOWSHERA JN.', 'PADAG ROAD', 400, 300, 100),
(3001, 22, '00:00 14/02/2021', 'NOWSHERA JN.', 'PADIDAN', 550, 300, 100),
(3002, 7, '01:20 18/02/2021', 'NUR MUHAMMAD MOKAL', 'PADAG ROAD', 650, 300, 100),
(3003, 10, '08:20 14/01/2021', 'NUR MUHAMMAD MOKAL', 'PADIDAN', 50, 300, 100),
(3004, 24, '08:10 24/01/2021', 'NUR MUHAMMAD MOKAL', 'PAI KHEL', 450, 300, 100),
(3005, 21, '07:30 28/02/2021', 'NUR SHAH', 'PADIDAN', 650, 300, 100),
(3006, 17, '08:20 14/01/2021', 'NUR SHAH', 'PAI KHEL', 650, 300, 100),
(3007, 19, '08:10 18/01/2021', 'NUR SHAH', 'PAKHOWAL', 300, 300, 100),
(3008, 26, '07:20 10/02/2021', 'NUSHKI', 'PAI KHEL', 300, 300, 100),
(3009, 12, '11:40 10/02/2021', 'NUSHKI', 'PAKHOWAL', 50, 300, 100),
(3010, 11, '01:00 09/02/2021', 'NUSHKI', 'PAKPATTAN', 550, 300, 100),
(3011, 9, '09:40 10/02/2021', 'ODEROLAL', 'PAKHOWAL', 650, 300, 100),
(3012, 11, '01:40 25/02/2021', 'ODEROLAL', 'PAKPATTAN', 350, 300, 100),
(3013, 9, '09:50 11/01/2021', 'ODEROLAL', 'PALH', 100, 300, 100),
(3014, 5, '02:00 29/01/2021', 'OKARA', 'PAKPATTAN', 400, 300, 100),
(3015, 8, '00:00 27/02/2021', 'OKARA', 'PALH', 950, 300, 100),
(3016, 12, '03:10 27/01/2021', 'OKARA', 'PANJ GIRAIN', 850, 300, 100),
(3017, 9, '03:10 12/02/2021', 'ORANGI', 'PALH', 300, 300, 100),
(3018, 10, '11:40 23/02/2021', 'ORANGI', 'PANJ GIRAIN', 200, 300, 100),
(3019, 10, '09:10 19/01/2021', 'ORANGI', 'PANJ PULLA (HALT)', 450, 300, 100),
(3020, 6, '01:40 18/01/2021', 'PABBI', 'PANJ GIRAIN', 300, 300, 100),
(3021, 25, '00:30 11/02/2021', 'PABBI', 'PANJ PULLA (HALT)', 200, 300, 100),
(3022, 13, '07:30 23/01/2021', 'PABBI', 'PANO AKIL', 750, 300, 100),
(3023, 4, '02:10 31/01/2021', 'PADAG ROAD', 'PANJ PULLA (HALT)', 500, 300, 100),
(3024, 5, '10:30 23/02/2021', 'PADAG ROAD', 'PANO AKIL', 550, 300, 100),
(3025, 10, '05:40 14/01/2021', 'PADAG ROAD', 'PARCHE-JI-VERI', 50, 300, 100),
(3026, 25, '03:10 11/02/2021', 'PADIDAN', 'PANO AKIL', 500, 300, 100),
(3027, 6, '01:30 20/01/2021', 'PADIDAN', 'PARCHE-JI-VERI', 500, 300, 100),
(3028, 14, '03:20 14/02/2021', 'PADIDAN', 'PASRUR', 50, 300, 100),
(3029, 9, '01:30 31/01/2021', 'PAI KHEL', 'PARCHE-JI-VERI', 800, 300, 100),
(3030, 5, '07:20 18/02/2021', 'PAI KHEL', 'PASRUR', 550, 300, 100),
(3031, 19, '03:10 10/02/2021', 'PAI KHEL', 'PATTOKI', 550, 300, 100),
(3032, 15, '10:00 22/02/2021', 'PAKHOWAL', 'PASRUR', 750, 300, 100),
(3033, 24, '08:00 14/01/2021', 'PAKHOWAL', 'PATTOKI', 950, 300, 100),
(3034, 19, '07:50 13/02/2021', 'PAKHOWAL', 'PEJOWALI', 950, 300, 100),
(3035, 7, '11:40 23/01/2021', 'PAKPATTAN', 'PATTOKI', 100, 300, 100),
(3036, 9, '08:20 13/01/2021', 'PAKPATTAN', 'PEJOWALI', 500, 300, 100),
(3037, 24, '03:30 28/01/2021', 'PAKPATTAN', 'PESHAWAR CANTT', 550, 300, 100),
(3038, 20, '02:30 21/02/2021', 'PALH', 'PEJOWALI', 300, 300, 100),
(3039, 4, '06:40 23/01/2021', 'PALH', 'PESHAWAR CANTT', 150, 300, 100),
(3040, 18, '10:30 14/02/2021', 'PALH', 'PESHAWAR CITY', 600, 300, 100),
(3041, 19, '02:00 19/02/2021', 'PANJ GIRAIN', 'PESHAWAR CANTT', 400, 300, 100),
(3042, 21, '09:30 30/01/2021', 'PANJ GIRAIN', 'PESHAWAR CITY', 150, 300, 100),
(3043, 20, '03:40 18/02/2021', 'PANJ GIRAIN', 'PHULARWAN', 1000, 300, 100),
(3044, 25, '09:30 18/01/2021', 'PANJ PULLA (HALT)', 'PESHAWAR CITY', 350, 300, 100),
(3045, 21, '05:10 27/02/2021', 'PANJ PULLA (HALT)', 'PHULARWAN', 550, 300, 100),
(3046, 5, '10:50 10/01/2021', 'PANJ PULLA (HALT)', 'PIND DADAN KHAN', 750, 300, 100),
(3047, 18, '05:30 18/01/2021', 'PANO AKIL', 'PHULARWAN', 250, 300, 100),
(3048, 19, '04:10 12/02/2021', 'PANO AKIL', 'PIND DADAN KHAN', 800, 300, 100),
(3049, 24, '11:30 10/02/2021', 'PANO AKIL', 'PIND MUKKO (HALT)', 400, 300, 100),
(3050, 22, '09:50 14/02/2021', 'PARCHE-JI-VERI', 'PIND DADAN KHAN', 750, 300, 100),
(3051, 16, '07:10 26/01/2021', 'PARCHE-JI-VERI', 'PIND MUKKO (HALT)', 850, 300, 100),
(3052, 25, '06:00 23/01/2021', 'PARCHE-JI-VERI', 'PIPLAN', 100, 300, 100),
(3053, 25, '03:50 11/02/2021', 'PASRUR', 'PIND MUKKO (HALT)', 550, 300, 100),
(3054, 23, '01:20 29/01/2021', 'PASRUR', 'PIPLAN', 400, 300, 100),
(3055, 18, '05:00 12/01/2021', 'PASRUR', 'PIR MAHAL', 850, 300, 100),
(3056, 13, '00:40 19/02/2021', 'PATTOKI', 'PIPLAN', 600, 300, 100),
(3057, 4, '04:00 27/02/2021', 'PATTOKI', 'PIR MAHAL', 950, 300, 100),
(3058, 19, '09:20 20/01/2021', 'PATTOKI', 'PITHORO JN', 900, 300, 100),
(3059, 13, '10:20 26/01/2021', 'PEJOWALI', 'PIR MAHAL', 550, 300, 100),
(3060, 11, '05:40 17/01/2021', 'PEJOWALI', 'PITHORO JN', 900, 300, 100),
(3061, 15, '10:50 16/02/2021', 'PEJOWALI', 'QAIDABADAND SIDING', 500, 300, 100),
(3062, 12, '04:40 20/02/2021', 'PESHAWAR CANTT', 'PITHORO JN', 250, 300, 100),
(3063, 23, '09:00 09/02/2021', 'PESHAWAR CANTT', 'QAIDABADAND SIDING', 650, 300, 100),
(3064, 19, '04:50 17/01/2021', 'PESHAWAR CANTT', 'QILA SHEIKHUPURA', 550, 300, 100),
(3065, 20, '03:10 12/02/2021', 'PESHAWAR CITY', 'QAIDABADAND SIDING', 800, 300, 100),
(3066, 21, '06:10 14/01/2021', 'PESHAWAR CITY', 'QILA SHEIKHUPURA', 750, 300, 100),
(3067, 8, '08:40 12/02/2021', 'PESHAWAR CITY', 'QUETTA', 900, 300, 100),
(3068, 7, '06:50 16/01/2021', 'PHULARWAN', 'QILA SHEIKHUPURA', 650, 300, 100),
(3069, 14, '00:30 16/02/2021', 'PHULARWAN', 'QUETTA', 650, 300, 100),
(3070, 4, '01:50 19/01/2021', 'PHULARWAN', 'RADHAN', 100, 300, 100),
(3071, 25, '11:50 19/02/2021', 'PIND DADAN KHAN', 'QUETTA', 600, 300, 100),
(3072, 8, '05:00 12/01/2021', 'PIND DADAN KHAN', 'RADHAN', 550, 300, 100),
(3073, 14, '03:00 26/02/2021', 'PIND DADAN KHAN', 'RAHIM YAR KHAN', 600, 300, 100),
(3074, 19, '11:40 24/01/2021', 'PIND MUKKO (HALT)', 'RADHAN', 100, 300, 100),
(3075, 4, '09:10 24/02/2021', 'PIND MUKKO (HALT)', 'RAHIM YAR KHAN', 550, 300, 100),
(3076, 10, '08:00 16/01/2021', 'PIND MUKKO (HALT)', 'RAIWIND JN.', 450, 300, 100),
(3077, 11, '03:20 16/02/2021', 'PIPLAN', 'RAHIM YAR KHAN', 500, 300, 100),
(3078, 11, '04:20 21/02/2021', 'PIPLAN', 'RAIWIND JN.', 150, 300, 100),
(3079, 26, '04:00 10/01/2021', 'PIPLAN', 'RAJANPUR', 650, 300, 100),
(3080, 20, '10:30 11/01/2021', 'PIR MAHAL', 'RAIWIND JN.', 800, 300, 100),
(3081, 16, '01:20 24/02/2021', 'PIR MAHAL', 'RAJANPUR', 500, 300, 100),
(3082, 10, '01:10 31/01/2021', 'PIR MAHAL', 'RANIPUR RIYASAT', 1000, 300, 100),
(3083, 8, '03:00 16/01/2021', 'PITHORO JN', 'RAJANPUR', 650, 300, 100),
(3084, 16, '09:40 31/01/2021', 'PITHORO JN', 'RANIPUR RIYASAT', 300, 300, 100),
(3085, 8, '07:50 10/01/2021', 'PITHORO JN', 'RASHIDABAD', 650, 300, 100),
(3086, 11, '07:10 27/01/2021', 'QAIDABADAND SIDING', 'RANIPUR RIYASAT', 900, 300, 100),
(3087, 25, '03:10 12/01/2021', 'QAIDABADAND SIDING', 'RASHIDABAD', 650, 300, 100),
(3088, 17, '02:20 28/01/2021', 'QAIDABADAND SIDING', 'RATTO KALA', 350, 300, 100),
(3089, 16, '08:40 18/01/2021', 'QILA SHEIKHUPURA', 'RASHIDABAD', 100, 300, 100),
(3090, 23, '06:00 27/02/2021', 'QILA SHEIKHUPURA', 'RATTO KALA', 900, 300, 100),
(3091, 4, '05:20 27/02/2021', 'QILA SHEIKHUPURA', 'RAWALPINDI', 700, 300, 100),
(3092, 23, '06:40 26/02/2021', 'QUETTA', 'RATTO KALA', 600, 300, 100),
(3093, 13, '04:00 15/02/2021', 'QUETTA', 'RAWALPINDI', 750, 300, 100),
(3094, 23, '09:30 14/01/2021', 'QUETTA', 'RAYA KHAS', 200, 300, 100),
(3095, 24, '08:00 26/01/2021', 'RADHAN', 'RAWALPINDI', 1000, 300, 100),
(3096, 16, '05:10 17/02/2021', 'RADHAN', 'RAYA KHAS', 450, 300, 100),
(3097, 19, '06:00 23/02/2021', 'RADHAN', 'REHMANI NAGAR', 400, 300, 100),
(3098, 16, '08:00 11/01/2021', 'RAHIM YAR KHAN', 'RAYA KHAS', 300, 300, 100),
(3099, 18, '08:30 27/02/2021', 'RAHIM YAR KHAN', 'REHMANI NAGAR', 500, 300, 100),
(3100, 26, '08:20 28/01/2021', 'RAHIM YAR KHAN', 'RENALA KHURD', 600, 300, 100),
(3101, 20, '03:10 19/02/2021', 'RAIWIND JN.', 'REHMANI NAGAR', 500, 300, 100),
(3102, 17, '04:40 10/02/2021', 'RAIWIND JN.', 'RENALA KHURD', 900, 300, 100),
(3103, 12, '03:40 26/01/2021', 'RAIWIND JN.', 'RETI', 300, 300, 100),
(3104, 24, '03:00 16/02/2021', 'RAJANPUR', 'RENALA KHURD', 400, 300, 100),
(3105, 13, '02:00 09/02/2021', 'RAJANPUR', 'RETI', 200, 300, 100),
(3106, 8, '04:00 14/01/2021', 'RAJANPUR', 'RIAZABAD', 350, 300, 100),
(3107, 19, '00:50 28/02/2021', 'RANIPUR RIYASAT', 'RETI', 300, 300, 100),
(3108, 20, '07:10 16/02/2021', 'RANIPUR RIYASAT', 'RIAZABAD', 650, 300, 100),
(3109, 23, '10:00 09/02/2021', 'RANIPUR RIYASAT', 'ROHRI JN.', 200, 300, 100),
(3110, 21, '03:00 14/02/2021', 'RASHIDABAD', 'RIAZABAD', 50, 300, 100),
(3111, 7, '08:30 25/02/2021', 'RASHIDABAD', 'ROHRI JN.', 1000, 300, 100),
(3112, 25, '06:40 17/02/2021', 'RASHIDABAD', 'ROJHAN', 600, 300, 100),
(3113, 11, '04:30 21/02/2021', 'RATTO KALA', 'ROHRI JN.', 150, 300, 100),
(3114, 26, '09:10 22/01/2021', 'RATTO KALA', 'ROJHAN', 850, 300, 100),
(3115, 6, '02:50 11/02/2021', 'RATTO KALA', 'RURALA ROAD', 950, 300, 100),
(3116, 24, '01:00 23/02/2021', 'RAWALPINDI', 'ROJHAN', 100, 300, 100),
(3117, 24, '00:30 13/01/2021', 'RAWALPINDI', 'RURALA ROAD', 850, 300, 100),
(3118, 10, '07:20 26/01/2021', 'RAWALPINDI', 'RUSTAM SARGANA', 50, 300, 100),
(3119, 23, '05:50 11/02/2021', 'RAYA KHAS', 'RURALA ROAD', 550, 300, 100),
(3120, 23, '09:40 11/02/2021', 'RAYA KHAS', 'RUSTAM SARGANA', 700, 300, 100),
(3121, 4, '02:40 15/02/2021', 'RAYA KHAS', 'SADHAR (HALT)', 300, 300, 100),
(3122, 26, '10:20 24/01/2021', 'REHMANI NAGAR', 'RUSTAM SARGANA', 50, 300, 100),
(3123, 12, '07:50 22/01/2021', 'REHMANI NAGAR', 'SADHAR (HALT)', 450, 300, 100),
(3124, 18, '08:20 13/02/2021', 'REHMANI NAGAR', 'SADHOKE', 850, 300, 100),
(3125, 10, '04:00 28/01/2021', 'RENALA KHURD', 'SADHAR (HALT)', 850, 300, 100),
(3126, 26, '05:50 26/01/2021', 'RENALA KHURD', 'SADHOKE', 500, 300, 100),
(3127, 12, '03:20 12/01/2021', 'RENALA KHURD', 'SADIKABAD ', 900, 300, 100),
(3128, 5, '07:20 22/02/2021', 'RETI', 'SADHOKE', 400, 300, 100),
(3129, 8, '10:30 31/01/2021', 'RETI', 'SADIKABAD ', 100, 300, 100),
(3130, 18, '09:30 28/01/2021', 'RETI', 'SAFDARABAD', 300, 300, 100),
(3131, 16, '10:00 11/01/2021', 'RIAZABAD', 'SADIKABAD ', 750, 300, 100),
(3132, 6, '04:00 18/02/2021', 'RIAZABAD', 'SAFDARABAD', 350, 300, 100),
(3133, 8, '02:40 25/02/2021', 'RIAZABAD', 'SAHIANWALA', 100, 300, 100),
(3134, 8, '00:30 20/01/2021', 'ROHRI JN.', 'SAFDARABAD', 300, 300, 100),
(3135, 23, '03:20 11/01/2021', 'ROHRI JN.', 'SAHIANWALA', 900, 300, 100),
(3136, 26, '07:40 16/02/2021', 'ROHRI JN.', 'SAHIWAL', 250, 300, 100),
(3137, 14, '02:10 17/01/2021', 'ROJHAN', 'SAHIANWALA', 850, 300, 100),
(3138, 6, '06:00 15/02/2021', 'ROJHAN', 'SAHIWAL', 50, 300, 100),
(3139, 14, '00:30 27/01/2021', 'ROJHAN', 'SAINDAD', 950, 300, 100),
(3140, 9, '00:30 17/02/2021', 'RURALA ROAD', 'SAHIWAL', 650, 300, 100),
(3141, 13, '10:40 24/01/2021', 'RURALA ROAD', 'SAINDAD', 450, 300, 100),
(3142, 20, '00:40 22/02/2021', 'RURALA ROAD', 'SAMASATA JN.', 700, 300, 100),
(3143, 24, '06:40 23/02/2021', 'RUSTAM SARGANA', 'SAINDAD', 550, 300, 100),
(3144, 15, '07:20 28/01/2021', 'RUSTAM SARGANA', 'SAMASATA JN.', 500, 300, 100),
(3145, 25, '01:30 23/01/2021', 'RUSTAM SARGANA', 'SAMBRIAL', 400, 300, 100),
(3146, 12, '06:10 27/01/2021', 'SADHAR (HALT)', 'SAMASATA JN.', 150, 300, 100),
(3147, 4, '04:30 25/02/2021', 'SADHAR (HALT)', 'SAMBRIAL', 550, 300, 100),
(3148, 11, '05:50 24/02/2021', 'SADHAR (HALT)', 'SAMRASAR', 1000, 300, 100),
(3149, 25, '08:30 19/01/2021', 'SADHOKE', 'SAMBRIAL', 900, 300, 100),
(3150, 5, '05:40 27/01/2021', 'SADHOKE', 'SAMRASAR', 350, 300, 100),
(3151, 25, '04:00 31/01/2021', 'SADHOKE', 'SANAWAN', 1000, 300, 100),
(3152, 25, '04:50 22/01/2021', 'SADIKABAD ', 'SAMRASAR', 400, 300, 100),
(3153, 22, '04:40 18/02/2021', 'SADIKABAD ', 'SANAWAN', 100, 300, 100),
(3154, 4, '00:10 25/01/2021', 'SADIKABAD ', 'SANGLA HILL', 900, 300, 100),
(3155, 13, '03:10 13/02/2021', 'SAFDARABAD', 'SANAWAN', 200, 300, 100),
(3156, 26, '00:10 12/01/2021', 'SAFDARABAD', 'SANGLA HILL', 900, 300, 100),
(3157, 24, '07:40 10/02/2021', 'SAFDARABAD', 'SARGODHA JN.', 300, 300, 100),
(3158, 19, '00:00 18/01/2021', 'SAHIANWALA', 'SANGLA HILL', 1000, 300, 100),
(3159, 24, '08:30 30/01/2021', 'SAHIANWALA', 'SARGODHA JN.', 100, 300, 100),
(3160, 12, '05:40 24/01/2021', 'SAHIANWALA', 'SARHAD', 300, 300, 100),
(3161, 9, '05:20 22/02/2021', 'SAHIWAL', 'SARGODHA JN.', 600, 300, 100),
(3162, 22, '04:00 17/02/2021', 'SAHIWAL', 'SARHAD', 300, 300, 100),
(3163, 25, '08:20 23/02/2021', 'SAHIWAL', 'SARHARI', 1000, 300, 100),
(3164, 9, '11:50 23/02/2021', 'SAINDAD', 'SARHAD', 450, 300, 100),
(3165, 10, '02:10 11/02/2021', 'SAINDAD', 'SARHARI', 950, 300, 100),
(3166, 16, '05:30 12/02/2021', 'SAINDAD', 'SAR-I-AB', 450, 300, 100),
(3167, 22, '09:10 14/01/2021', 'SAMASATA JN.', 'SARHARI', 250, 300, 100),
(3168, 10, '08:10 25/01/2021', 'SAMASATA JN.', 'SAR-I-AB', 250, 300, 100),
(3169, 8, '05:40 26/01/2021', 'SAMASATA JN.', 'SARWAR SHAHEED (HALT)', 650, 300, 100),
(3170, 10, '03:20 15/01/2021', 'SAMBRIAL', 'SAR-I-AB', 650, 300, 100),
(3171, 23, '10:30 23/02/2021', 'SAMBRIAL', 'SARWAR SHAHEED (HALT)', 950, 300, 100),
(3172, 10, '05:50 11/01/2021', 'SAMBRIAL', 'SEHWAN SHARIF', 200, 300, 100),
(3173, 13, '00:20 17/01/2021', 'SAMRASAR', 'SARWAR SHAHEED (HALT)', 750, 300, 100),
(3174, 4, '03:30 24/02/2021', 'SAMRASAR', 'SEHWAN SHARIF', 300, 300, 100),
(3175, 12, '06:40 20/02/2021', 'SAMRASAR', 'SERAI SALEH', 450, 300, 100),
(3176, 19, '05:00 28/01/2021', 'SANAWAN', 'SEHWAN SHARIF', 350, 300, 100),
(3177, 6, '02:40 25/01/2021', 'SANAWAN', 'SERAI SALEH', 300, 300, 100),
(3178, 15, '01:00 12/01/2021', 'SANAWAN', 'SETHARJA', 150, 300, 100),
(3179, 20, '02:20 16/02/2021', 'SANGLA HILL', 'SERAI SALEH', 550, 300, 100),
(3180, 22, '06:50 27/02/2021', 'SANGLA HILL', 'SETHARJA', 750, 300, 100),
(3181, 9, '11:50 18/02/2021', 'SANGLA HILL', 'SHADIPALLI', 500, 300, 100),
(3182, 21, '01:50 22/02/2021', 'SARGODHA JN.', 'SETHARJA', 950, 300, 100),
(3183, 21, '03:00 20/01/2021', 'SARGODHA JN.', 'SHADIPALLI', 350, 300, 100),
(3184, 21, '10:40 10/02/2021', 'SARGODHA JN.', 'SHAH ABDUL LATIF', 1000, 300, 100),
(3185, 19, '10:00 19/02/2021', 'SARHAD', 'SHADIPALLI', 650, 300, 100),
(3186, 17, '10:00 11/02/2021', 'SARHAD', 'SHAH ABDUL LATIF', 600, 300, 100),
(3187, 15, '05:40 10/02/2021', 'SARHAD', 'SHAH JEWANA', 850, 300, 100),
(3188, 16, '11:30 11/02/2021', 'SARHARI', 'SHAH ABDUL LATIF', 600, 300, 100),
(3189, 9, '10:50 30/01/2021', 'SARHARI', 'SHAH JEWANA', 950, 300, 100),
(3190, 6, '06:30 13/01/2021', 'SARHARI', 'SHAH NAWAZ BHUTTO', 250, 300, 100),
(3191, 21, '00:40 11/02/2021', 'SAR-I-AB', 'SHAH JEWANA', 950, 300, 100),
(3192, 22, '05:10 22/01/2021', 'SAR-I-AB', 'SHAH NAWAZ BHUTTO', 500, 300, 100),
(3193, 10, '02:20 26/02/2021', 'SAR-I-AB', 'SHAH NIKDUR', 100, 300, 100),
(3194, 20, '10:10 28/02/2021', 'SARWAR SHAHEED (HALT)', 'SHAH NAWAZ BHUTTO', 650, 300, 100),
(3195, 9, '11:20 28/02/2021', 'SARWAR SHAHEED (HALT)', 'SHAH NIKDUR', 350, 300, 100),
(3196, 7, '11:50 11/02/2021', 'SARWAR SHAHEED (HALT)', 'SHAHDADPUR', 750, 300, 100),
(3197, 7, '08:40 23/01/2021', 'SEHWAN SHARIF', 'SHAH NIKDUR', 800, 300, 100),
(3198, 16, '05:10 24/02/2021', 'SEHWAN SHARIF', 'SHAHDADPUR', 350, 300, 100),
(3199, 16, '09:40 31/01/2021', 'SEHWAN SHARIF', 'SHAHDARA BAGH JN.', 450, 300, 100),
(3200, 17, '08:50 12/02/2021', 'SERAI SALEH', 'SHAHDADPUR', 150, 300, 100),
(3201, 24, '04:30 25/01/2021', 'SERAI SALEH', 'SHAHDARA BAGH JN.', 800, 300, 100),
(3202, 9, '10:50 19/01/2021', 'SERAI SALEH', 'SHAHINABAD JN.', 750, 300, 100),
(3203, 8, '10:20 22/02/2021', 'SETHARJA', 'SHAHDARA BAGH JN.', 600, 300, 100),
(3204, 9, '01:20 10/01/2021', 'SETHARJA', 'SHAHINABAD JN.', 50, 300, 100),
(3205, 21, '10:00 24/01/2021', 'SETHARJA', 'SHEIKH MANDAH', 450, 300, 100),
(3206, 4, '07:10 17/01/2021', 'SHADIPALLI', 'SHAHINABAD JN.', 200, 300, 100),
(3207, 22, '03:00 13/01/2021', 'SHADIPALLI', 'SHEIKH MANDAH', 1000, 300, 100),
(3208, 16, '11:00 28/01/2021', 'SHADIPALLI', 'SHEIKH WASIL', 150, 300, 100),
(3209, 12, '00:20 23/01/2021', 'SHAH ABDUL LATIF', 'SHEIKH MANDAH', 200, 300, 100),
(3210, 16, '05:00 11/02/2021', 'SHAH ABDUL LATIF', 'SHEIKH WASIL', 700, 300, 100),
(3211, 10, '09:40 17/01/2021', 'SHAH ABDUL LATIF', 'SHELABAGH', 1000, 300, 100),
(3212, 10, '08:40 25/01/2021', 'SHAH JEWANA', 'SHEIKH WASIL', 500, 300, 100),
(3213, 20, '05:40 22/01/2021', 'SHAH JEWANA', 'SHELABAGH', 700, 300, 100),
(3214, 11, '05:40 12/01/2021', 'SHAH JEWANA', 'SHER SHAH JN.', 150, 300, 100),
(3215, 17, '00:40 19/01/2021', 'SHAH NAWAZ BHUTTO', 'SHELABAGH', 750, 300, 100),
(3216, 24, '07:00 10/01/2021', 'SHAH NAWAZ BHUTTO', 'SHER SHAH JN.', 350, 300, 100),
(3217, 12, '11:20 27/02/2021', 'SHAH NAWAZ BHUTTO', 'SHIKARPUR', 250, 300, 100),
(3218, 11, '09:40 18/02/2021', 'SHAH NIKDUR', 'SHER SHAH JN.', 650, 300, 100),
(3219, 26, '06:00 30/01/2021', 'SHAH NIKDUR', 'SHIKARPUR', 800, 300, 100),
(3220, 25, '04:50 31/01/2021', 'SHAH NIKDUR', 'SHORKOT CANTT JN.', 350, 300, 100),
(3221, 20, '08:40 10/02/2021', 'SHAHDADPUR', 'SHIKARPUR', 950, 300, 100),
(3222, 14, '11:30 13/02/2021', 'SHAHDADPUR', 'SHORKOT CANTT JN.', 900, 300, 100),
(3223, 21, '10:10 18/01/2021', 'SHAHDADPUR', 'SHUJABAD', 750, 300, 100),
(3224, 23, '05:20 16/02/2021', 'SHAHDARA BAGH JN.', 'SHORKOT CANTT JN.', 50, 300, 100),
(3225, 18, '09:10 27/01/2021', 'SHAHDARA BAGH JN.', 'SHUJABAD', 350, 300, 100),
(3226, 10, '09:00 17/02/2021', 'SHAHDARA BAGH JN.', 'SIALKOT JN.', 1000, 300, 100),
(3227, 19, '05:50 14/02/2021', 'SHAHINABAD JN.', 'SHUJABAD', 150, 300, 100),
(3228, 23, '10:20 23/02/2021', 'SHAHINABAD JN.', 'SIALKOT JN.', 750, 300, 100),
(3229, 7, '01:20 11/02/2021', 'SHAHINABAD JN.', 'SIBI JN.', 400, 300, 100),
(3230, 8, '11:40 20/01/2021', 'SHEIKH MANDAH', 'SIALKOT JN.', 650, 300, 100),
(3231, 18, '03:10 17/02/2021', 'SHEIKH MANDAH', 'SIBI JN.', 600, 300, 100),
(3232, 8, '05:20 10/02/2021', 'SHEIKH MANDAH', 'SILLANWALI', 50, 300, 100),
(3233, 13, '08:10 23/02/2021', 'SHEIKH WASIL', 'SIBI JN.', 450, 300, 100),
(3234, 20, '01:40 18/01/2021', 'SHEIKH WASIL', 'SILLANWALI', 600, 300, 100),
(3235, 20, '03:00 23/02/2021', 'SHEIKH WASIL', 'SIND UNIVERSITY', 700, 300, 100),
(3236, 20, '02:00 09/02/2021', 'SHELABAGH', 'SILLANWALI', 50, 300, 100),
(3237, 8, '08:50 16/01/2021', 'SHELABAGH', 'SIND UNIVERSITY', 100, 300, 100),
(3238, 15, '03:20 21/02/2021', 'SHELABAGH', 'SITE', 600, 300, 100),
(3239, 26, '05:50 18/01/2021', 'SHER SHAH JN.', 'SIND UNIVERSITY', 50, 300, 100),
(3240, 23, '00:10 18/02/2021', 'SHER SHAH JN.', 'SITE', 950, 300, 100),
(3241, 5, '09:40 10/02/2021', 'SHER SHAH JN.', 'SODHRA KOPRA', 400, 300, 100),
(3242, 7, '00:10 16/02/2021', 'SHIKARPUR', 'SITE', 300, 300, 100),
(3243, 17, '10:10 12/02/2021', 'SHIKARPUR', 'SODHRA KOPRA', 900, 300, 100),
(3244, 11, '11:20 21/01/2021', 'SHIKARPUR', 'SOHAN BRIDGE', 200, 300, 100),
(3245, 21, '01:00 22/02/2021', 'SHORKOT CANTT JN.', 'SODHRA KOPRA', 550, 300, 100),
(3246, 16, '09:20 09/02/2021', 'SHORKOT CANTT JN.', 'SOHAN BRIDGE', 750, 300, 100),
(3247, 12, '05:40 18/02/2021', 'SHORKOT CANTT JN.', 'SOHBAGA', 200, 300, 100),
(3248, 8, '09:20 21/01/2021', 'SHUJABAD', 'SOHAN BRIDGE', 300, 300, 100),
(3249, 16, '06:10 11/02/2021', 'SHUJABAD', 'SOHBAGA', 900, 300, 100),
(3250, 17, '05:20 10/01/2021', 'SHUJABAD', 'SPEZAND JN.', 350, 300, 100),
(3251, 19, '09:40 11/01/2021', 'SIALKOT JN.', 'SOHBAGA', 650, 300, 100),
(3252, 16, '09:10 27/02/2021', 'SIALKOT JN.', 'SPEZAND JN.', 200, 300, 100),
(3253, 15, '04:30 22/01/2021', 'SIALKOT JN.', 'SRIRAMPURA', 50, 300, 100),
(3254, 6, '01:30 14/01/2021', 'SIBI JN.', 'SPEZAND JN.', 500, 300, 100),
(3255, 8, '07:50 22/02/2021', 'SIBI JN.', 'SRIRAMPURA', 350, 300, 100),
(3256, 19, '01:30 30/01/2021', 'SIBI JN.', 'SUKHEKE', 500, 300, 100),
(3257, 18, '11:50 25/01/2021', 'SILLANWALI', 'SRIRAMPURA', 150, 300, 100),
(3258, 25, '10:20 27/01/2021', 'SILLANWALI', 'SUKHEKE', 300, 300, 100),
(3259, 17, '04:20 14/02/2021', 'SILLANWALI', 'SUKKUR', 600, 300, 100),
(3260, 4, '10:40 19/02/2021', 'SIND UNIVERSITY', 'SUKHEKE', 50, 300, 100),
(3261, 5, '02:30 20/02/2021', 'SIND UNIVERSITY', 'SUKKUR', 450, 300, 100),
(3262, 23, '03:20 11/02/2021', 'SIND UNIVERSITY', 'SULAIMANABAD', 550, 300, 100),
(3263, 10, '08:40 19/02/2021', 'SITE', 'SUKKUR', 700, 300, 100),
(3264, 9, '04:20 15/02/2021', 'SITE', 'SULAIMANABAD', 150, 300, 100),
(3265, 12, '04:20 14/02/2021', 'SITE', 'TALHAR', 600, 300, 100),
(3266, 18, '06:50 24/02/2021', 'SODHRA KOPRA', 'SULAIMANABAD', 100, 300, 100),
(3267, 26, '11:10 22/01/2021', 'SODHRA KOPRA', 'TALHAR', 700, 300, 100),
(3268, 23, '01:40 16/02/2021', 'SODHRA KOPRA', 'TANDLIAWALA', 550, 300, 100),
(3269, 15, '00:40 19/01/2021', 'SOHAN BRIDGE', 'TALHAR', 700, 300, 100),
(3270, 21, '06:00 11/02/2021', 'SOHAN BRIDGE', 'TANDLIAWALA', 600, 300, 100),
(3271, 7, '02:00 21/01/2021', 'SOHAN BRIDGE', 'TANDO ADAM  ', 400, 300, 100),
(3272, 23, '09:20 26/02/2021', 'SOHBAGA', 'TANDLIAWALA', 150, 300, 100),
(3273, 26, '11:10 26/01/2021', 'SOHBAGA', 'TANDO ADAM  ', 600, 300, 100),
(3274, 26, '00:20 10/02/2021', 'SOHBAGA', 'TANDO ALAHYAR', 200, 300, 100),
(3275, 21, '00:10 18/01/2021', 'SPEZAND JN.', 'TANDO ADAM  ', 450, 300, 100),
(3276, 20, '06:20 30/01/2021', 'SPEZAND JN.', 'TANDO ALAHYAR', 600, 300, 100),
(3277, 21, '00:00 25/02/2021', 'SPEZAND JN.', 'TANDO JAM', 800, 300, 100),
(3278, 11, '08:50 31/01/2021', 'SRIRAMPURA', 'TANDO ALAHYAR', 400, 300, 100),
(3279, 14, '06:20 23/01/2021', 'SRIRAMPURA', 'TANDO JAM', 550, 300, 100),
(3280, 6, '03:20 23/02/2021', 'SRIRAMPURA', 'TANDO MUHAMMAD KHAN', 1000, 300, 100),
(3281, 16, '09:10 28/01/2021', 'SUKHEKE', 'TANDO JAM', 850, 300, 100),
(3282, 21, '05:50 22/01/2021', 'SUKHEKE', 'TANDO MUHAMMAD KHAN', 450, 300, 100),
(3283, 23, '03:40 25/01/2021', 'SUKHEKE', 'TARNOUL  ', 750, 300, 100),
(3284, 26, '10:30 09/02/2021', 'SUKKUR', 'TANDO MUHAMMAD KHAN', 300, 300, 100),
(3285, 7, '03:20 10/02/2021', 'SUKKUR', 'TARNOUL  ', 550, 300, 100),
(3286, 17, '00:20 12/01/2021', 'SUKKUR', 'TAXILA CANTT', 350, 300, 100),
(3287, 8, '09:20 24/02/2021', 'SULAIMANABAD', 'TARNOUL  ', 100, 300, 100),
(3288, 19, '04:00 19/01/2021', 'SULAIMANABAD', 'TAXILA CANTT', 850, 300, 100),
(3289, 17, '07:10 18/01/2021', 'SULAIMANABAD', 'TAXILA JN.', 1000, 300, 100),
(3290, 4, '02:00 09/02/2021', 'TALHAR', 'TAXILA CANTT', 500, 300, 100),
(3291, 4, '08:00 28/02/2021', 'TALHAR', 'TAXILA JN.', 650, 300, 100),
(3292, 16, '00:50 22/02/2021', 'TALHAR', 'TOBA TEK SINGH', 100, 300, 100),
(3293, 18, '01:20 15/01/2021', 'TANDLIAWALA', 'TAXILA JN.', 500, 300, 100),
(3294, 5, '01:10 09/02/2021', 'TANDLIAWALA', 'TOBA TEK SINGH', 750, 300, 100),
(3295, 18, '08:40 10/01/2021', 'TANDLIAWALA', 'TOZGHI', 900, 300, 100),
(3296, 10, '06:50 10/01/2021', 'TANDO ADAM  ', 'TOBA TEK SINGH', 400, 300, 100),
(3297, 12, '08:30 29/01/2021', 'TANDO ADAM  ', 'TOZGHI', 650, 300, 100),
(3298, 4, '00:50 22/02/2021', 'TANDO ADAM  ', 'UCHHRI', 300, 300, 100),
(3299, 4, '03:10 17/01/2021', 'TANDO ALAHYAR', 'TOZGHI', 700, 300, 100),
(3300, 26, '09:30 27/02/2021', 'TANDO ALAHYAR', 'UCHHRI', 650, 300, 100),
(3301, 16, '10:50 18/01/2021', 'TANDO ALAHYAR', 'UGOKDE', 500, 300, 100),
(3302, 4, '08:40 18/02/2021', 'TANDO JAM', 'UCHHRI', 450, 300, 100),
(3303, 24, '03:50 19/02/2021', 'TANDO JAM', 'UGOKDE', 300, 300, 100),
(3304, 20, '11:10 10/02/2021', 'TANDO JAM', 'USMAN KHATTAR', 150, 300, 100),
(3305, 21, '05:40 18/01/2021', 'TANDO MUHAMMAD KHAN', 'UGOKDE', 50, 300, 100),
(3306, 10, '03:40 31/01/2021', 'TANDO MUHAMMAD KHAN', 'USMAN KHATTAR', 400, 300, 100),
(3307, 17, '01:10 18/01/2021', 'TANDO MUHAMMAD KHAN', 'USMANWALA', 900, 300, 100),
(3308, 6, '11:20 17/01/2021', 'TARNOUL  ', 'USMAN KHATTAR', 100, 300, 100),
(3309, 5, '10:50 11/01/2021', 'TARNOUL  ', 'USMANWALA', 200, 300, 100),
(3310, 25, '06:20 18/01/2021', 'TARNOUL  ', 'VASAR BAH', 50, 300, 100),
(3311, 8, '10:20 22/01/2021', 'TAXILA CANTT', 'USMANWALA', 600, 300, 100),
(3312, 11, '00:10 25/02/2021', 'TAXILA CANTT', 'VASAR BAH', 800, 300, 100),
(3313, 24, '04:20 22/02/2021', 'TAXILA CANTT', 'VIHARI', 400, 300, 100),
(3314, 21, '09:10 19/02/2021', 'TAXILA JN.', 'VASAR BAH', 550, 300, 100),
(3315, 20, '04:30 29/01/2021', 'TAXILA JN.', 'VIHARI', 300, 300, 100),
(3316, 26, '09:20 14/02/2021', 'TAXILA JN.', 'WAGAH', 250, 300, 100),
(3317, 9, '00:00 18/01/2021', 'TOBA TEK SINGH', 'VIHARI', 600, 300, 100),
(3318, 10, '07:10 24/02/2021', 'TOBA TEK SINGH', 'WAGAH', 350, 300, 100),
(3319, 16, '00:20 20/01/2021', 'TOBA TEK SINGH', 'WALHAR', 700, 300, 100),
(3320, 12, '11:50 11/02/2021', 'TOZGHI', 'WAGAH', 950, 300, 100),
(3321, 13, '06:30 23/02/2021', 'TOZGHI', 'WALHAR', 650, 300, 100),
(3322, 4, '09:50 25/01/2021', 'TOZGHI', 'WALI KHAN', 550, 300, 100),
(3323, 4, '11:30 22/02/2021', 'UCHHRI', 'WALHAR', 1000, 300, 100),
(3324, 15, '01:00 15/02/2021', 'UCHHRI', 'WALI KHAN', 700, 300, 100),
(3325, 17, '05:40 23/02/2021', 'UCHHRI', 'WALTON', 650, 300, 100),
(3326, 9, '01:30 11/02/2021', 'UGOKDE', 'WALI KHAN', 850, 300, 100),
(3327, 20, '09:10 13/01/2021', 'UGOKDE', 'WALTON', 600, 300, 100),
(3328, 21, '11:30 22/01/2021', 'UGOKDE', 'WANBHACHARAN', 750, 300, 100),
(3329, 6, '10:10 17/01/2021', 'USMAN KHATTAR', 'WALTON', 450, 300, 100),
(3330, 14, '11:20 20/02/2021', 'USMAN KHATTAR', 'WANBHACHARAN', 200, 300, 100),
(3331, 19, '02:30 10/02/2021', 'USMAN KHATTAR', 'WARBURTON', 800, 300, 100),
(3332, 12, '09:10 11/01/2021', 'USMANWALA', 'WANBHACHARAN', 650, 300, 100),
(3333, 15, '10:10 14/01/2021', 'USMANWALA', 'WARBURTON', 150, 300, 100),
(3334, 18, '04:40 10/01/2021', 'USMANWALA', 'WARYAM', 50, 300, 100),
(3335, 16, '05:20 16/01/2021', 'VASAR BAH', 'WARBURTON', 300, 300, 100),
(3336, 5, '04:50 31/01/2021', 'VASAR BAH', 'WARYAM', 1000, 300, 100),
(3337, 11, '02:00 15/02/2021', 'VASAR BAH', 'WAZIR MANSION', 850, 300, 100),
(3338, 5, '04:10 12/01/2021', 'VIHARI', 'WARYAM', 900, 300, 100),
(3339, 14, '02:40 23/01/2021', 'VIHARI', 'WAZIR MANSION', 1000, 300, 100),
(3340, 26, '06:40 25/01/2021', 'VIHARI', 'WAZIRABAD JN', 950, 300, 100),
(3341, 25, '09:00 25/01/2021', 'WAGAH', 'WAZIR MANSION', 300, 300, 100),
(3342, 25, '03:00 31/01/2021', 'WAGAH', 'WAZIRABAD JN', 600, 300, 100),
(3343, 23, '03:10 29/01/2021', 'WAGAH', 'YAKMACH', 850, 300, 100),
(3344, 26, '08:20 12/02/2021', 'WALHAR', 'WAZIRABAD JN', 850, 300, 100),
(3345, 16, '01:20 26/02/2021', 'WALHAR', 'YAKMACH', 50, 300, 100),
(3346, 7, '02:50 28/02/2021', 'WALHAR', 'YARU', 150, 300, 100),
(3347, 26, '06:40 28/01/2021', 'WALI KHAN', 'YAKMACH', 650, 300, 100),
(3348, 8, '02:40 28/01/2021', 'WALI KHAN', 'YARU', 350, 300, 100),
(3349, 13, '06:50 23/02/2021', 'WALI KHAN', 'YUSAFWALA', 350, 300, 100),
(3350, 19, '03:30 09/02/2021', 'WALTON', 'YARU', 950, 300, 100),
(3351, 25, '05:50 28/01/2021', 'WALTON', 'YUSAFWALA', 800, 300, 100),
(3352, 24, '00:00 21/02/2021', 'WALTON', 'ZAHIDAN', 250, 300, 100),
(3353, 17, '02:50 24/02/2021', 'WANBHACHARAN', 'YUSAFWALA', 450, 300, 100),
(3354, 24, '05:10 24/01/2021', 'WANBHACHARAN', 'ZAHIDAN', 850, 300, 100),
(3355, 9, '08:30 27/02/2021', 'WANBHACHARAN', 'ZARIF SHAHID', 300, 300, 100),
(3356, 19, '09:10 14/01/2021', 'WARBURTON', 'ZAHIDAN', 900, 300, 100),
(3357, 23, '04:00 31/01/2021', 'WARBURTON', 'ZARIF SHAHID', 400, 300, 100),
(3358, 4, '10:10 23/01/2021', 'WARBURTON', 'ZEAL PAK', 800, 300, 100),
(3359, 15, '10:20 25/01/2021', 'WARYAM', 'ZARIF SHAHID', 650, 300, 100),
(3360, 24, '06:10 30/01/2021', 'WARYAM', 'ZEAL PAK', 800, 300, 100),
(3361, 12, '04:50 19/01/2021', 'WARYAM', 'ZERO POINT', 50, 300, 100),
(3362, 22, '06:00 24/02/2021', 'WAZIR MANSION', 'ZEAL PAK', 650, 300, 100),
(3363, 16, '06:10 30/01/2021', 'WAZIR MANSION', 'ZERO POINT', 50, 300, 100),
(3364, 18, '02:40 11/02/2021', 'WAZIR MANSION', 'ABDUL HAKIM', 450, 300, 100),
(3365, 17, '02:00 26/02/2021', 'WAZIRABAD JN', 'ZERO POINT', 400, 300, 100),
(3366, 17, '07:20 27/02/2021', 'WAZIRABAD JN', 'ABDUL HAKIM', 650, 300, 100),
(3367, 23, '00:50 11/02/2021', 'WAZIRABAD JN', 'ABDULLAHABAD (HALT)', 500, 300, 100),
(3368, 6, '06:10 26/01/2021', 'YAKMACH', 'ABDUL HAKIM', 250, 300, 100),
(3369, 24, '08:50 11/01/2021', 'YAKMACH', 'ABDULLAHABAD (HALT)', 200, 300, 100),
(3370, 8, '10:20 11/01/2021', 'YAKMACH', 'AB-I-GUM', 350, 300, 100),
(3371, 8, '07:50 15/02/2021', 'YARU', 'ABDULLAHABAD (HALT)', 250, 300, 100),
(3372, 25, '02:10 18/02/2021', 'YARU', 'AB-I-GUM', 600, 300, 100),
(3373, 9, '11:00 26/01/2021', 'YARU', 'AHMEDWAL', 350, 300, 100),
(3374, 10, '01:50 22/02/2021', 'YUSAFWALA', 'AB-I-GUM', 250, 300, 100),
(3375, 19, '05:10 11/02/2021', 'YUSAFWALA', 'AHMEDWAL', 450, 300, 100),
(3376, 13, '03:30 16/01/2021', 'YUSAFWALA', 'AIR PORT HALT', 500, 300, 100),
(3377, 12, '03:10 26/02/2021', 'ZAHIDAN', 'AHMEDWAL', 50, 300, 100),
(3378, 8, '10:50 19/02/2021', 'ZAHIDAN', 'AIR PORT HALT', 700, 300, 100),
(3379, 5, '09:40 26/01/2021', 'ZAHIDAN', 'AJNALA', 850, 300, 100),
(3380, 6, '03:20 13/01/2021', 'ZARIF SHAHID', 'AIR PORT HALT', 600, 300, 100),
(3381, 17, '00:40 20/01/2021', 'ZARIF SHAHID', 'AJNALA', 450, 300, 100),
(3382, 7, '08:50 15/02/2021', 'ZARIF SHAHID', 'AKHTAR KARNANA', 200, 300, 100),
(3383, 26, '08:00 23/01/2021', 'ZEAL PAK', 'AJNALA', 750, 300, 100),
(3384, 13, '08:00 14/02/2021', 'ZEAL PAK', 'AKHTAR KARNANA', 50, 300, 100),
(3385, 19, '10:50 21/02/2021', 'ZEAL PAK', 'AKORA KHATTAK', 150, 300, 100),
(3386, 18, '11:10 22/02/2021', 'ZERO POINT', 'AKHTAR KARNANA', 250, 300, 100),
(3387, 23, '01:30 21/01/2021', 'ZERO POINT', 'AKORA KHATTAK', 400, 300, 100),
(3388, 15, '04:10 28/02/2021', 'ZERO POINT', 'ALAMREG', 850, 300, 100),
(3389, 29, '11:32 11/02/2021', 'Startin', 'Endin', 800, 300, 100);

-- --------------------------------------------------------

--
-- Table structure for table `station`
--

CREATE TABLE `station` (
  `StationID` int(11) NOT NULL,
  `longi` int(11) NOT NULL,
  `lat` int(11) NOT NULL,
  `StationName` varchar(30) NOT NULL
) ENGINE=InnoDB DEFAULT CHARSET=utf8mb4;

-- --------------------------------------------------------

--
-- Table structure for table `ticketbooking`
--

CREATE TABLE `ticketbooking` (
  `BookID` int(11) NOT NULL,
  `PID` int(11) NOT NULL,
  `ScheduleID` int(11) NOT NULL,
  `Payment` varchar(4) NOT NULL,
  `numoftick` int(11) NOT NULL,
  `dateBought` date NOT NULL DEFAULT current_timestamp(),
  `busOrEco` varchar(2) NOT NULL
) ENGINE=InnoDB DEFAULT CHARSET=utf8mb4;

--
-- Dumping data for table `ticketbooking`
--

INSERT INTO `ticketbooking` (`BookID`, `PID`, `ScheduleID`, `Payment`, `numoftick`, `dateBought`, `busOrEco`) VALUES
(42, 1, 2269, 'Cash', 2, '2021-01-10', 'B'),
(43, 7, 2269, 'Cash', 4, '2021-01-10', 'E'),
(44, 7, 2269, 'Jazz', 2, '2021-01-10', 'E'),
(45, 7, 2271, 'Cash', 2, '2021-01-10', 'B'),
(46, 1, 2269, 'Card', 2, '2021-01-10', 'B'),
(47, 1, 2269, 'Jazz', 2, '2021-01-10', 'B'),
(48, 1, 2269, 'Jazz', 2, '2021-01-10', 'B'),
(49, 1, 2269, 'Jazz', 2, '2021-01-10', 'B'),
(50, 1, 2269, 'Jazz', 2, '2021-01-10', 'E'),
(51, 1, 2277, 'Cash', 3, '2021-01-10', 'B');

-- --------------------------------------------------------

--
-- Table structure for table `trains`
--

CREATE TABLE `trains` (
  `trainID` int(11) NOT NULL,
  `trainName` varchar(40) NOT NULL
) ENGINE=InnoDB DEFAULT CHARSET=utf8mb4;

--
-- Dumping data for table `trains`
--

INSERT INTO `trains` (`trainID`, `trainName`) VALUES
(4, 'Allama Iqbal Express'),
(5, 'Awam Express '),
(6, 'Badar Express '),
(7, 'Bahauddin Zakria Express '),
(8, 'Fareed Express '),
(9, 'Green Line '),
(10, 'Hazara Express '),
(11, 'Islamabad Express '),
(12, 'Jaffar Express '),
(13, 'Karachi Express '),
(14, 'Karakoram Express '),
(15, 'Khyber Mail '),
(16, 'Millat Express '),
(17, 'Shah Hussain Express '),
(18, 'Pakistan Express '),
(19, 'Rawal Express '),
(20, 'Shalimar Express '),
(21, 'Subak Raftar '),
(22, 'Subak Kharam '),
(23, 'Sukkur Express '),
(24, 'Tezgam '),
(25, 'Rehman Baba Express '),
(26, 'Pak Business Express '),
(27, 'Sir Sayyed Express '),
(28, 'Mianwali Express '),
(29, 'KCR-4 '),
(34, 'Sharjeel Train'),
(35, 'Sharjeel New Train'),
(36, 'asdalfjlk'),
(37, 'adding'),
(38, 'uraa'),
(39, 'jjj'),
(40, 'Tujh main rab dikhta hy'),
(41, 'New Train');

--
-- Indexes for dumped tables
--

--
-- Indexes for table `auth`
--
ALTER TABLE `auth`
  ADD PRIMARY KEY (`authID`);

--
-- Indexes for table `employee`
--
ALTER TABLE `employee`
  ADD PRIMARY KEY (`empid`);

--
-- Indexes for table `empsched`
--
ALTER TABLE `empsched`
  ADD PRIMARY KEY (`EmpSchedId`);

--
-- Indexes for table `passengers`
--
ALTER TABLE `passengers`
  ADD PRIMARY KEY (`PID`);

--
-- Indexes for table `schedule`
--
ALTER TABLE `schedule`
  ADD PRIMARY KEY (`ScheduleID`);

--
-- Indexes for table `station`
--
ALTER TABLE `station`
  ADD PRIMARY KEY (`StationID`);

--
-- Indexes for table `ticketbooking`
--
ALTER TABLE `ticketbooking`
  ADD PRIMARY KEY (`BookID`);

--
-- Indexes for table `trains`
--
ALTER TABLE `trains`
  ADD PRIMARY KEY (`trainID`);

--
-- AUTO_INCREMENT for dumped tables
--

--
-- AUTO_INCREMENT for table `auth`
--
ALTER TABLE `auth`
  MODIFY `authID` int(11) NOT NULL AUTO_INCREMENT, AUTO_INCREMENT=34;

--
-- AUTO_INCREMENT for table `employee`
--
ALTER TABLE `employee`
  MODIFY `empid` int(11) NOT NULL AUTO_INCREMENT, AUTO_INCREMENT=22;

--
-- AUTO_INCREMENT for table `empsched`
--
ALTER TABLE `empsched`
  MODIFY `EmpSchedId` int(11) NOT NULL AUTO_INCREMENT, AUTO_INCREMENT=31;

--
-- AUTO_INCREMENT for table `passengers`
--
ALTER TABLE `passengers`
  MODIFY `PID` int(11) NOT NULL AUTO_INCREMENT, AUTO_INCREMENT=9;

--
-- AUTO_INCREMENT for table `schedule`
--
ALTER TABLE `schedule`
  MODIFY `ScheduleID` int(11) NOT NULL AUTO_INCREMENT, AUTO_INCREMENT=3390;

--
-- AUTO_INCREMENT for table `station`
--
ALTER TABLE `station`
  MODIFY `StationID` int(11) NOT NULL AUTO_INCREMENT;

--
-- AUTO_INCREMENT for table `ticketbooking`
--
ALTER TABLE `ticketbooking`
  MODIFY `BookID` int(11) NOT NULL AUTO_INCREMENT, AUTO_INCREMENT=52;

--
-- AUTO_INCREMENT for table `trains`
--
ALTER TABLE `trains`
  MODIFY `trainID` int(11) NOT NULL AUTO_INCREMENT, AUTO_INCREMENT=42;
COMMIT;

/*!40101 SET CHARACTER_SET_CLIENT=@OLD_CHARACTER_SET_CLIENT */;
/*!40101 SET CHARACTER_SET_RESULTS=@OLD_CHARACTER_SET_RESULTS */;
/*!40101 SET COLLATION_CONNECTION=@OLD_COLLATION_CONNECTION */;
